store,purchases,revenue,gross_profit,cash_revenue,cashless_revenue,receipts_total,writeoffs_copy,writeoffs_frozen,movement,discount,revaluation,cash_operating_costs,driver_cash,utilities_cash,rent,bank_fee,gross_profit_tax,salary_cashless,payroll_tax,vacation_cashless,vacation_tax,salary_cash,vacation_cash,personal_income_tax,expenses,net_profit,gross_margin,net_margin,best_month,best_month_profit,worst_month,worst_month_profit,loss_months,formula_count,gross_profit_tax_cost,bank_fee_cost,personal_income_tax_cost,payroll_total,writeoffs_total,operating_store,active_sheet,primary_cost_driver,primary_cost_driver_amount,excess_cost_driver,excess_cost_amount,narrative,loss_month_names,reported_month_count
ПОРТ,78195401.0,100346105.0,22150704.0,11743810.0,90543880.0,102287690.0,432523.0,673424.0,-27849.0,81076.0,34382.0,515059.0,91000.0,350000.0,499800.0,-1810877.6,-2658084.48,2040083.0,1098989.0,558336.0,279168.0,1815676.0,0.0,-512761.7,91098659.78,9247445.22,0.2207430373107157,0.0921554974156695,Август,1738617.5199999998,Январь,760296.26,0,6484,2658084.48,1810877.6,512761.7,6305013.7,1105947.0,True,True,Закупочная себестоимость,78195401.0,Банковская комиссия,85649.81394521543,"Маржа выше сети: 9.2% против 5.3%. Результат поддержан валовой маржой 22.1%; крупнейшая контролируемая статья — Закупочная себестоимость 78,195,401.",—,8
КНИП,22303855.0,29469304.0,7165449.0,3309756.0,26538114.0,29847870.0,388265.0,262369.0,-4500.0,23227.0,57134.0,209823.0,91000.0,350000.0,1323000.0,-530762.28,-859853.88,405143.0,255576.0,93431.0,46715.0,1182750.0,0.0,-306366.06,28220644.22,1248659.78,0.2431495837159913,0.0423715395517993,Август,395119.54,Июнь,-123843.89999999997,2,6484,859853.88,530762.28,306366.06,2289981.06,650634.0,True,True,Закупочная себестоимость,22303855.0,Списания,325843.2335732613,"Доходность ниже сети: 4.2% против 5.3%. Ключевая нагрузка — Закупочная себестоимость 22,303,855; наибольший резерв относительно медианы — «Списания» (325,843).","Апрель, Июнь",8
Л76,9539584.0,12600248.0,3060664.0,1370996.0,11530110.0,12901106.0,277390.0,6496.0,0.0,5467.0,0.0,89372.0,91000.0,210000.0,350000.0,-230602.2,-367279.68,394761.0,171061.0,0.0,0.0,403149.0,0.0,-108354.62,11961659.5,638588.5,0.2429050602813532,0.0506806294606264,Август,246711.88,Май,-28538.92000000001,2,6484,367279.68,230602.2,108354.62,1077325.62,283886.0,True,True,Закупочная себестоимость,9539584.0,Списания,145014.5761928079,"Доходность ниже сети: 5.1% против 5.3%. Ключевая нагрузка — Закупочная себестоимость 9,539,584; наибольший резерв относительно медианы — «Списания» (145,015).","Февраль, Май",8
К49,12470287.0,16856403.0,4386116.0,2817808.0,14200184.0,17017992.0,154816.0,9981.0,-4410.0,28490.0,27863.0,148112.0,91000.0,301834.0,805000.0,-284003.68000000005,-526333.9199999999,684252.0,289490.0,186861.0,93430.0,132463.0,0.0,-61726.5,16084774.1,771628.9,0.2602047423759387,0.0457766048901417,Январь,223132.2,Июль,-101393.82,2,6484,526333.9199999999,284003.68000000005,61726.5,1448222.5,164797.0,True,True,Закупочная себестоимость,12470287.0,Аренда,220181.59557160037,"Доходность ниже сети: 4.6% против 5.3%. Ключевая нагрузка — Закупочная себестоимость 12,470,287; наибольший резерв относительно медианы — «Аренда» (220,182).","Июнь, Июль",8
К80,8352826.0,11281674.0,2928848.0,1608477.0,9605189.0,11213666.0,578013.0,30818.0,-18214.0,40600.0,37284.0,92394.0,91000.0,87741.0,455000.0,-192103.78000000003,-351461.75999999995,430861.0,234534.0,0.0,20000.0,347467.0,73000.0,-112829.42,10872035.96,409638.04000000015,0.2596111179954322,0.0363100405134911,Август,134592.28000000003,Июнь,-48798.939999999966,2,6484,351461.75999999995,192103.78000000003,112829.42,1218691.42,608831.0,True,True,Закупочная себестоимость,8352826.0,Списания,484492.00831439346,"Доходность ниже сети: 3.6% против 5.3%. Ключевая нагрузка — Закупочная себестоимость 8,352,826; наибольший резерв относительно медианы — «Списания» (484,492).","Июнь, Июль",8
РЕЗ,0.0,0.0,0.0,0.0,0.0,0.0,0.0,0.0,0.0,0.0,0.0,0.0,0.0,0.0,0.0,0.0,0.0,0.0,0.0,0.0,0.0,0.0,0.0,0.0,0.0,0.0,,,,,,,0,6484,-0.0,-0.0,-0.0,0.0,0.0,False,False,—,0.0,—,0.0,Лист не содержит продаж за период и исключен из сопоставимого рейтинга.,—,0
ПЗ1,7811949.0,10428690.0,2616741.0,1728918.0,8784429.0,10513347.0,259670.0,32474.0,-14638.0,20030.0,7403.0,90824.0,91000.0,70000.0,665000.0,-175688.58000000002,-314008.92000000004,589105.0,268234.0,93608.0,46804.0,172851.0,0.0,-58008.5,10479555.0,-50865.00000000002,0.2509175169652181,-0.0048774102979377,Август,221180.82,Июль,-204676.32,6,6484,314008.92000000004,175688.58000000002,58008.5,1228610.5,292144.0,True,True,Закупочная себестоимость,7811949.0,Аренда,303185.5698348926,"Убыточный результат: чистая маржа -0.5%, убыток 50,865. Крупнейшая контролируемая нагрузка — Закупочная себестоимость 7,811,949; относительно медианы сети наибольший избыток создает «Аренда» (303,186).","Январь, Февраль, Апрель, Май, Июнь, Июль",8
ПЗ2,8972750.0,12063160.0,3090410.0,2000243.0,10276056.0,12276299.0,79763.0,48967.0,-16201.0,12675.0,13204.0,93827.0,91000.0,292005.0,700000.0,-205521.12,-370849.2,289491.0,118427.0,0.0,0.0,519922.0,0.0,-135024.78,11837784.1,225375.9,0.2561857755347687,0.0186829901949406,Август,198458.86,Май,-93629.8,4,6484,370849.2,205521.12,135024.78,1062864.78,128730.0,True,True,Закупочная себестоимость,8972750.0,Аренда,281479.03894060355,"Доходность ниже сети: 1.9% против 5.3%. Ключевая нагрузка — Закупочная себестоимость 8,972,750; наибольший резерв относительно медианы — «Аренда» (281,479).","Апрель, Май, Июнь, Июль",8
МИРА,6146451.0,8433951.0,2287500.0,1113388.0,7562488.0,8675876.0,66322.0,27944.0,-31372.0,29152.0,20018.0,139095.0,91000.0,0.0,469000.0,-151249.76,-274500.0,644665.0,243379.0,93400.0,46700.0,157263.0,0.0,-65198.76,8549845.52,-115894.52000000002,0.2712251944551255,-0.0137414267642769,Август,105368.86,Май,-182622.98,4,6484,274500.0,151249.76,65198.76,1250605.76,94266.0,True,True,Закупочная себестоимость,6146451.0,ФОТ и налоги на персонал,416480.25983371946,"Убыточный результат: чистая маржа -1.4%, убыток 115,895. Крупнейшая контролируемая нагрузка — Закупочная себестоимость 6,146,451; относительно медианы сети наибольший избыток создает «ФОТ и налоги на персонал» (416,480).","Апрель, Май, Июнь, Июль",8
МАК,5589297.0,7644927.0,2055630.0,1336426.0,6704814.0,8041240.0,8655.0,21454.0,0.0,13404.0,12877.0,149932.0,91000.0,0.0,525000.0,-134096.28,-246675.6,368444.0,171060.0,0.0,0.0,393394.0,93000.0,-139991.72,7923344.6,-278417.60000000003,0.2688881136471283,-0.0364186080521109,Август,62687.4,Июль,-227662.82,5,6484,246675.6,134096.28,139991.72,1165889.72,30109.0,True,True,Закупочная себестоимость,5589297.0,ФОТ и налоги на персонал,409799.41812254034,"Убыточный результат: чистая маржа -3.6%, убыток 278,418. Крупнейшая контролируемая нагрузка — Закупочная себестоимость 5,589,297; относительно медианы сети наибольший избыток создает «ФОТ и налоги на персонал» (409,799).","Январь, Апрель, Май, Июнь, Июль",8
ГС1,12595062.0,17044885.0,4449823.0,3113034.0,14270263.0,17383297.0,339734.0,7673.0,0.0,20326.0,19300.0,169451.0,91000.0,194915.0,619500.0,-285405.26,-533978.76,684253.0,289491.0,94012.0,47006.0,761288.0,0.0,-204762.58,16577797.6,467087.3999999999,0.2610650057187244,0.0274033764381513,Август,210452.58,Июль,-147259.74,1,6484,533978.76,285405.26,204762.58,2080812.58,347407.0,True,True,Закупочная себестоимость,12595062.0,ФОТ и налоги на персонал,395057.7984152206,"Доходность ниже сети: 2.7% против 5.3%. Ключевая нагрузка — Закупочная себестоимость 12,595,062; наибольший резерв относительно медианы — «ФОТ и налоги на персонал» (395,058).",Июль,8
ГС2,12156063.0,16365843.0,4209780.0,2689921.0,14027581.0,16717502.0,254715.0,3934.0,0.0,13955.0,22184.0,95231.0,91000.0,301000.0,455000.0,-280551.62,-505173.6,422460.0,203958.0,93682.0,46841.0,579882.0,0.0,-148524.86000000002,15383301.08,982541.92,0.2572296459155816,0.0600361325719671,Март,261301.34000000003,Июль,-37756.84000000004,1,6484,505173.6,280551.62,148524.86000000002,1495347.86,258649.0,True,True,Закупочная себестоимость,12156063.0,Коммунальные платежи за наличные,113850.11378222852,"Маржа выше сети: 6.0% против 5.3%. Результат поддержан валовой маржой 25.7%; крупнейшая контролируемая статья — Закупочная себестоимость 12,156,063.",Июль,8
Н95,9536766.0,13058901.0,3522135.0,2658710.0,10977992.0,13636702.0,53498.0,188493.0,-6400.0,41966.0,26071.0,413337.0,91000.0,365000.0,285248.0,-219559.84,-422656.2,543626.0,250867.0,186600.0,46800.0,958077.0,77500.0,-318761.08,13904291.12,-845390.12,0.2697114404956435,-0.0647366972151791,Август,135551.86,Февраль,-264045.94,7,6484,422656.2,219559.84,318761.08,2382231.08,241991.0,True,True,Закупочная себестоимость,9536766.0,ФОТ и налоги на персонал,1090693.7769913697,"Убыточный результат: чистая маржа -6.5%, убыток 845,390. Крупнейшая контролируемая нагрузка — Закупочная себестоимость 9,536,766; относительно медианы сети наибольший избыток создает «ФОТ и налоги на персонал» (1,090,694).","Январь, Февраль, Март, Апрель, Май, Июнь, Июль",8
РЕЗ2,3675.0,4495.0,820.0,11270.0,130444.0,141714.0,17973.0,600.0,-439795.0,272.0,0.0,0.0,0.0,0.0,0.0,-2608.88,-98.4,0.0,0.0,0.0,0.0,0.0,0.0,0.0,6982.280000000001,-2487.28,0.182424916573971,-0.5533437152391547,Январь,-2487.28,Январь,-2487.28,1,6484,98.4,2608.88,-0.0,0.0,18573.0,False,True,Списания,18573.0,Списания,18523.459145723693,"Убыточный результат: чистая маржа -55.3%, убыток 2,487. Крупнейшая контролируемая нагрузка — Списания 18,573; относительно медианы сети наибольший избыток создает «Списания» (18,523).",Январь,1
МОЛ,1099509.0,1369390.0,269881.0,329806.0,1081619.0,1411425.0,61434.0,10149.0,-485123.0,1489.0,10684.0,32623.0,39000.0,120000.0,90000.0,-21632.38,-32385.72,157904.0,52633.0,0.0,0.0,102600.0,0.0,-29749.06,1788185.16,-418795.16,0.1970811821321902,-0.3058260685414674,Январь,-131761.34,Февраль,-151530.72,3,6484,32385.72,21632.38,29749.06,342886.06,71583.0,True,True,Закупочная себестоимость,1099509.0,ФОТ и налоги на персонал,207452.13126687089,"Убыточный результат: чистая маржа -30.6%, убыток 418,795. Крупнейшая контролируемая нагрузка — Закупочная себестоимость 1,099,509; относительно медианы сети наибольший избыток создает «ФОТ и налоги на персонал» (207,452).","Январь, Февраль, Март",3
РОС,7393500.0,10088159.0,2694659.0,1754772.0,8307612.0,10062384.0,143807.0,99983.0,-8177.0,9698.0,5000.0,107339.0,91000.0,371306.0,350000.0,-166152.24,-323359.08,500031.0,184219.0,93400.0,46700.0,267934.0,0.0,-82560.06,10077483.38,10675.620000000028,0.2671110754697661,0.0010582327261098,Август,128100.02,Май,-172192.69999999998,4,6484,323359.08,166152.24,82560.06,1174844.06,243790.0,True,True,Закупочная себестоимость,7393500.0,Коммунальные платежи за наличные,255943.91269433615,"Доходность ниже сети: 0.1% против 5.3%. Ключевая нагрузка — Закупочная себестоимость 7,393,500; наибольший резерв относительно медианы — «Коммунальные платежи за наличные» (255,944).","Апрель, Май, Июнь, Июль",8
С1,17936216.0,23955038.0,6018822.0,3003375.0,21542014.0,24545389.0,464422.0,33802.0,339242.0,48778.0,18403.0,348583.0,170000.0,245000.0,665000.0,-430840.28,-722258.6399999999,656255.0,291943.0,93433.0,46716.0,823500.0,163500.0,-293828.26,22920875.18,1034162.82,0.251254955220693,0.043170994761102,Июнь,242940.48,Июль,37805.14,0,6484,722258.6399999999,430840.28,293828.26,2369175.26,498224.0,True,True,Закупочная себестоимость,17936216.0,Списания,234207.74933450582,"Доходность ниже сети: 4.3% против 5.3%. Ключевая нагрузка — Закупочная себестоимость 17,936,216; наибольший резерв относительно медианы — «Списания» (234,208).",—,8
С2,8003318.0,10990970.0,2987652.0,1567172.0,9640772.0,11207944.0,15065.0,0.0,-913037.0,6002.0,37102.0,76046.0,120000.0,0.0,1600000.0,-192815.44,-358518.24,52635.0,26317.0,0.0,0.0,506535.0,0.0,-128167.82,11064352.5,-73382.49999999994,0.2718278732450366,-0.0066766172594411,Февраль,180901.4,Май,-248084.02,2,6484,358518.24,192815.44,128167.82,713654.8200000001,15065.0,True,True,Закупочная себестоимость,8003318.0,Аренда,1218677.748834054,"Убыточный результат: чистая маржа -0.7%, убыток 73,382. Крупнейшая контролируемая нагрузка — Закупочная себестоимость 8,003,318; относительно медианы сети наибольший избыток создает «Аренда» (1,218,678).","Апрель, Май",6
С3,5914850.0,7940101.0,2025251.0,1005262.0,7690343.0,8695605.0,10995.0,1574.0,300449.0,13716.0,11505.0,203744.0,160000.0,161000.0,238000.0,-153806.86000000002,-243030.12,261569.0,104466.0,93000.0,46500.0,530765.0,93000.0,-182051.98,8387356.96,-447255.96,0.2550661509217578,-0.0563287494705671,Август,33737.46,Июль,-195133.06,6,6484,243030.12,153806.86000000002,182051.98,1311351.98,12569.0,True,True,Закупочная себестоимость,5914850.0,ФОТ и налоги на персонал,526068.6984163407,"Убыточный результат: чистая маржа -5.6%, убыток 447,256. Крупнейшая контролируемая нагрузка — Закупочная себестоимость 5,914,850; относительно медианы сети наибольший избыток создает «ФОТ и налоги на персонал» (526,069).","Январь, Февраль, Апрель, Май, Июнь, Июль",8
РЕЗЕРВ,0.0,0.0,0.0,0.0,0.0,0.0,0.0,0.0,0.0,0.0,0.0,0.0,0.0,0.0,0.0,0.0,0.0,0.0,0.0,0.0,0.0,0.0,0.0,0.0,0.0,0.0,,,,,,,0,6484,-0.0,-0.0,-0.0,0.0,0.0,False,False,—,0.0,—,0.0,Лист не содержит продаж за период и исключен из сопоставимого рейтинга.,—,0
ПОЛ,11504136.0,15783455.0,4279319.0,1769636.0,13980496.0,15750132.0,338496.0,30625.0,2868.0,27892.0,0.0,113843.0,300000.0,0.0,359100.0,-279609.92000000004,-513518.28,368442.0,157900.0,93608.0,46804.0,421292.0,0.0,-117729.7,14306607.9,1476847.1,0.2711268857167204,0.0935693167307158,Март,405387.3,Июль,-32814.25999999997,1,6484,513518.28,279609.92000000004,117729.7,1205775.7,369121.0,True,True,Закупочная себестоимость,11504136.0,Списания,195166.41843567323,"Маржа выше сети: 9.4% против 5.3%. Результат поддержан валовой маржой 27.1%; крупнейшая контролируемая статья — Закупочная себестоимость 11,504,136.",Июль,8
СНЕЖ,8540802.0,11554765.0,3013963.0,1034089.0,10719269.0,11753358.0,59416.0,23862.0,0.0,52759.0,76396.0,109097.0,300000.0,206830.0,35000.0,-214385.38,-361675.56,657939.0,276333.0,92400.0,46200.0,96763.0,0.0,-45289.2,11006576.14,548188.86,0.2608415662283049,0.0474426662939488,Январь,199366.72,Май,-109623.62,1,6484,361675.56,214385.38,45289.2,1214924.2,83278.0,True,True,Закупочная себестоимость,8540802.0,Коммунальные платежи за наличные,74696.69314724038,"Доходность ниже сети: 4.7% против 5.3%. Ключевая нагрузка — Закупочная себестоимость 8,540,802; наибольший резерв относительно медианы — «Коммунальные платежи за наличные» (74,697).",Май,8
ЗАО,7547359.0,10263568.0,2716209.0,696441.0,9768718.0,10465159.0,29947.0,2778.0,-5780.0,15743.0,16662.0,90339.0,264000.0,175000.0,35000.0,-195374.36,-325945.08,671581.0,283155.0,279932.0,139966.0,96333.0,0.0,-41067.84,10147830.28,115737.72,0.2646456865682577,0.011276558015692,Март,98182.96,Июль,-115348.2,3,6484,325945.08,195374.36,41067.84,1512034.84,32725.0,True,True,Закупочная себестоимость,7547359.0,ФОТ и налоги на персонал,496958.53809942794,"Доходность ниже сети: 1.1% против 5.3%. Ключевая нагрузка — Закупочная себестоимость 7,547,359; наибольший резерв относительно медианы — «ФОТ и налоги на персонал» (496,959).","Май, Июнь, Июль",8
ЗАП,15768507.0,21334555.0,5566048.0,2407007.0,19298977.0,21705984.0,285738.0,13400.0,651.0,41246.0,52259.0,238220.0,372000.0,221482.0,665600.0,-385979.54,-667925.7599999999,689290.0,260906.0,54035.0,27018.0,425353.0,0.0,-145986.06,19935702.36,1398852.64,0.2608935597672414,0.0655674627382666,Август,294429.8,Июнь,-57899.01999999998,1,6484,667925.7599999999,385979.54,145986.06,1602588.06,299138.0,True,True,Закупочная себестоимость,15768507.0,Списания,64002.94320247907,"Маржа выше сети: 6.6% против 5.3%. Результат поддержан валовой маржой 26.1%; крупнейшая контролируемая статья — Закупочная себестоимость 15,768,507.",Июнь,8
НИК,7093856.0,9538505.0,2444649.0,1340179.0,8208711.0,9548890.0,209844.0,461.0,-10000.0,33738.0,2500.0,112043.0,264000.0,225979.0,665000.0,-164174.22,-293357.88,613681.0,243678.0,187265.0,93632.0,175700.0,0.0,-63303.46,10196130.56,-657625.5599999999,0.256292678989003,-0.0689443010199187,Август,30486.820000000003,Апрель,-204839.08,7,6484,293357.88,164174.22,63303.46,1377259.46,210305.0,True,True,Закупочная себестоимость,7093856.0,ФОТ и налоги на персонал,433892.5547424797,"Убыточный результат: чистая маржа -6.9%, убыток 657,626. Крупнейшая контролируемая нагрузка — Закупочная себестоимость 7,093,856; относительно медианы сети наибольший избыток создает «ФОТ и налоги на персонал» (433,893).","Январь, Февраль, Март, Апрель, Май, Июнь, Июль",8
ОЛЕ,19224592.0,26166099.0,6941507.0,3594473.0,22935929.0,26530402.0,92942.0,27590.0,-2835.0,37278.0,36291.0,423481.0,207000.0,70000.0,215250.0,-458718.58,-832980.84,1190231.0,463527.0,186814.0,93407.0,197354.0,0.0,-136583.69999999998,23727529.12,2438569.88,0.2652862774844657,0.0931957751898745,Февраль,502587.9999999999,Июль,45322.79999999999,0,6484,832980.84,458718.58,136583.69999999998,2267916.7,120532.0,True,True,Закупочная себестоимость,19224592.0,Операционные траты за наличные,176427.69319514505,"Маржа выше сети: 9.3% против 5.3%. Результат поддержан валовой маржой 26.5%; крупнейшая контролируемая статья — Закупочная себестоимость 19,224,592.",—,8
МОН,11754433.0,15839594.0,4085161.0,2204990.0,13595725.0,15800715.0,95558.0,7981.0,-16032.0,26049.0,33822.0,225000.0,190000.0,377000.0,375000.0,-271914.5,-490219.32,650039.0,282911.0,185237.0,92618.0,480050.0,0.0,-155111.0,15537513.82,302080.1800000001,0.2579081888083747,0.0190712072544283,Август,171759.24000000005,Март,-121288.87999999998,4,6484,490219.32,271914.5,155111.0,1845966.0,103539.0,True,True,Закупочная себестоимость,11754433.0,ФОТ и налоги на персонал,279415.6053295997,"Доходность ниже сети: 1.9% против 5.3%. Ключевая нагрузка — Закупочная себестоимость 11,754,433; наибольший резерв относительно медианы — «ФОТ и налоги на персонал» (279,416).","Февраль, Март, Май, Июль",8
А1,20051228.0,27563012.0,7511784.0,5129350.0,22900622.0,28029972.0,20676.0,5870.0,9795.0,33472.0,39494.0,359700.0,207000.0,216655.0,1015000.0,-458012.44,-901414.08,721409.0,301373.0,92541.0,46270.0,707040.0,0.0,-234682.8,25318195.32,2244816.68,0.2725313184204977,0.0814430832160142,Март,516156.94,Июль,68280.40000000002,0,6484,901414.08,458012.44,234682.8,2103315.8,26546.0,True,True,Закупочная себестоимость,20051228.0,Операционные траты за наличные,99457.41435122222,"Маржа выше сети: 8.1% против 5.3%. Результат поддержан валовой маржой 27.3%; крупнейшая контролируемая статья — Закупочная себестоимость 20,051,228.",—,8
А2,31362500.0,42736192.0,11373692.0,7407134.0,36737682.0,44144816.0,84027.0,34016.0,-9935.0,50132.0,78008.0,306414.0,207000.0,345635.0,1330000.0,-734753.64,-1364843.04,734863.0,250015.0,93413.0,46707.0,991434.0,0.0,-285526.56,38087120.24,4649071.76,0.2661372356245498,0.1087853536412415,Март,768418.5,Июль,302769.84,0,6484,1364843.04,734753.64,285526.56,2401958.56,118043.0,True,True,Закупочная себестоимость,31362500.0,Налог с валовой прибыли,26012.134934819536,"Маржа выше сети: 10.9% против 5.3%. Результат поддержан валовой маржой 26.6%; крупнейшая контролируемая статья — Закупочная себестоимость 31,362,500.",—,8
А3,9755302.0,13270236.0,3514934.0,2634380.0,10984888.0,13619268.0,51223.0,39057.0,0.0,28615.0,15238.0,95729.0,190000.0,188741.0,850000.0,-219697.76,-421792.08,52635.0,0.0,0.0,0.0,635682.0,0.0,-160910.41999999998,12609546.26,660689.7400000001,0.2648735109157064,0.0497873391249409,Июнь,155853.78,Май,-594.139999999983,1,6484,421792.08,219697.76,160910.41999999998,849227.4199999999,90280.0,True,True,Закупочная себестоимость,9755302.0,Аренда,389600.5752883157,"Доходность ниже сети: 5.0% против 5.3%. Ключевая нагрузка — Закупочная себестоимость 9,755,302; наибольший резерв относительно медианы — «Аренда» (389,601).",Май,8
КИР1,33935001.0,45773545.0,11838544.0,7545360.0,39241089.0,46786449.0,67117.0,5692.0,8498.0,42062.0,132882.0,407860.0,190000.0,0.0,1050000.0,-784821.7800000001,-1420625.28,0.0,236854.0,0.0,0.0,2166400.0,93000.0,-586797.2,40877051.26,4896493.74,0.258632884999403,0.1069721329208825,Апрель,1128969.46,Июнь,194472.4400000001,0,6484,1420625.28,784821.7800000001,586797.2,3083051.2,72809.0,True,True,Закупочная себестоимость,33935001.0,Аренда,0.0,"Маржа выше сети: 10.7% против 5.3%. Результат поддержан валовой маржой 25.9%; крупнейшая контролируемая статья — Закупочная себестоимость 33,935,001.",—,8
КИР2,8168216.0,11168485.0,3000269.0,2218558.0,9210362.0,11428920.0,149419.0,6618.0,-2645.0,17243.0,5564.0,39950.0,207000.0,248056.0,500000.0,-184207.24,-360032.28,511631.0,203180.0,186828.0,93414.0,337799.0,0.0,-83104.78,11130036.3,38448.70000000004,0.2686370622335974,0.0034426065845098,Март,109853.89999999998,Июль,-167433.97999999998,3,6484,360032.28,184207.24,83104.78,1415956.78,156037.0,True,True,Закупочная себестоимость,8168216.0,ФОТ и налоги на персонал,311383.3556672523,"Доходность ниже сети: 0.3% против 5.3%. Ключевая нагрузка — Закупочная себестоимость 8,168,216; наибольший резерв относительно медианы — «ФОТ и налоги на персонал» (311,383).","Апрель, Июнь, Июль",8
КИР3,12583904.0,17028809.0,4444905.0,2617021.0,14940738.0,17557759.0,57576.0,14693.0,-114678.0,30885.0,5500.0,39341.0,190000.0,188158.0,550000.0,-298814.76,-533388.6,52635.0,78951.0,93600.0,46800.0,717100.0,0.0,-166417.02,15553802.38,1475006.62,0.2610226587191153,0.0866183078335073,Апрель,453444.76,Май,-8966.52,1,6484,533388.6,298814.76,166417.02,1155503.02,72269.0,True,True,Закупочная себестоимость,12583904.0,Банковская комиссия,6042.315566608275,"Маржа выше сети: 8.7% против 5.3%. Результат поддержан валовой маржой 26.1%; крупнейшая контролируемая статья — Закупочная себестоимость 12,583,904.",Май,7
КА1,4900149.0,6864591.0,1964442.0,1365434.0,6112872.0,7478306.0,75990.0,19243.0,-544417.0,42931.0,16991.0,288502.0,120000.0,135000.0,125000.0,-122257.44,-235733.04,0.0,263171.0,186000.0,93000.0,645900.0,0.0,-205568.44,7339523.92,-474932.92,0.2861702904076878,-0.0691859019714357,Январь,41099.22,Июнь,-445979.52,3,6484,235733.04,122257.44,205568.44,1393639.44,95233.0,True,True,Закупочная себестоимость,4900149.0,ФОТ и налоги на персонал,714725.0852317605,"Убыточный результат: чистая маржа -6.9%, убыток 474,933. Крупнейшая контролируемая нагрузка — Закупочная себестоимость 4,900,149; относительно медианы сети наибольший избыток создает «ФОТ и налоги на персонал» (714,725).","Апрель, Май, Июнь",6
КА2,9723306.0,13745536.0,4022230.0,3318227.0,11047195.0,14365422.0,33136.0,5032.0,362046.0,27576.0,0.0,117143.0,140000.0,0.0,420000.0,-220943.9,-482667.6,684252.0,276332.0,93608.0,46804.0,91500.0,0.0,-45901.46,12347489.96,1398046.04,0.2926208188607559,0.10170909595668,Март,261227.9,Июль,33760.67999999998,0,6484,482667.6,220943.9,45901.46,1238397.46,38168.0,True,True,Закупочная себестоимость,9723306.0,Налог с валовой прибыли,52050.1878663681,"Маржа выше сети: 10.2% против 5.3%. Результат поддержан валовой маржой 29.3%; крупнейшая контролируемая статья — Закупочная себестоимость 9,723,306.",—,8
П.ЗОР,11366295.0,15748683.0,4382388.0,1865141.0,14161456.0,16026597.0,12883.0,30000.0,4928.0,1826.0,40028.0,639099.0,702000.0,0.0,622500.0,-283229.12,-525886.56,589510.0,223697.0,187297.0,93648.0,387832.0,0.0,-225924.82,15876918.5,-128235.5,0.2782701258257595,-0.0081426173858474,Февраль,121990.62,Май,-216910.98,3,6484,525886.56,283229.12,225924.82,1707908.82,42883.0,True,True,Закупочная себестоимость,11366295.0,Операционные траты за наличные,490404.14820067736,"Убыточный результат: чистая маржа -0.8%, убыток 128,236. Крупнейшая контролируемая нагрузка — Закупочная себестоимость 11,366,295; относительно медианы сети наибольший избыток создает «Операционные траты за наличные» (490,404).","Апрель, Май, Июнь",8
КОВ,18673102.0,25906314.0,7233212.0,4234747.0,21993239.0,26227986.0,22707.0,129.0,-24980.0,6919.0,12234.0,253518.0,552000.0,229505.0,1365000.0,-439864.78,-867985.44,684252.0,289491.0,93608.0,46804.0,575818.0,0.0,-182453.92,24253531.14,1652782.86,0.2792065285706025,0.0637984570093607,Март,380956.5,Июль,-49021.699999999975,1,6484,867985.44,439864.78,182453.92,1872426.92,22836.0,True,True,Закупочная себестоимость,18673102.0,Аренда,466202.7169674863,"Маржа выше сети: 6.4% против 5.3%. Результат поддержан валовой маржой 27.9%; крупнейшая контролируемая статья — Закупочная себестоимость 18,673,102.",Июль,8
УМБА,5817653.0,7901860.0,2084207.0,2294113.0,6079198.0,8373311.0,78987.0,13168.0,0.0,12569.0,11402.0,109029.0,140000.0,253424.0,325000.0,-121583.96,-250104.84,728789.0,276333.0,93831.0,46916.0,92914.0,0.0,-44427.46,8313173.26,-411313.26,0.2637615700607199,-0.0520527141710938,Август,49850.180000000015,Май,-169866.72,6,6484,250104.84,121583.96,44427.46,1283210.46,92155.0,True,True,Закупочная себестоимость,5817653.0,ФОТ и налоги на персонал,501709.24843925866,"Убыточный результат: чистая маржа -5.2%, убыток 411,313. Крупнейшая контролируемая нагрузка — Закупочная себестоимость 5,817,653; относительно медианы сети наибольший избыток создает «ФОТ и налоги на персонал» (501,709).","Январь, Февраль, Март, Апрель, Май, Июль",8
АЛА,0.0,0.0,0.0,0.0,0.0,0.0,0.0,0.0,0.0,0.0,0.0,0.0,0.0,0.0,0.0,0.0,0.0,0.0,0.0,0.0,0.0,0.0,0.0,0.0,0.0,0.0,,,,,,,0,6484,-0.0,-0.0,-0.0,0.0,0.0,False,False,—,0.0,—,0.0,Лист не содержит продаж за период и исключен из сопоставимого рейтинга.,—,0
РЕЗЕРВ1,0.0,0.0,0.0,0.0,0.0,0.0,0.0,0.0,0.0,0.0,0.0,0.0,0.0,0.0,0.0,0.0,0.0,0.0,0.0,0.0,0.0,0.0,0.0,0.0,0.0,0.0,,,,,,,0,6484,-0.0,-0.0,-0.0,0.0,0.0,False,False,—,0.0,—,0.0,Лист не содержит продаж за период и исключен из сопоставимого рейтинга.,—,0
РЕЗЕРВ2,0.0,0.0,0.0,0.0,0.0,0.0,0.0,0.0,0.0,0.0,0.0,0.0,0.0,0.0,0.0,0.0,0.0,0.0,0.0,0.0,0.0,0.0,0.0,0.0,0.0,0.0,,,,,,,0,6484,-0.0,-0.0,-0.0,0.0,0.0,False,False,—,0.0,—,0.0,Лист не содержит продаж за период и исключен из сопоставимого рейтинга.,—,0
РЕЗЕРВ3,0.0,0.0,0.0,0.0,0.0,0.0,0.0,0.0,0.0,0.0,0.0,0.0,0.0,0.0,0.0,0.0,0.0,0.0,0.0,0.0,0.0,0.0,0.0,0.0,0.0,0.0,,,,,,,0,6484,-0.0,-0.0,-0.0,0.0,0.0,False,False,—,0.0,—,0.0,Лист не содержит продаж за период и исключен из сопоставимого рейтинга.,—,0
РЕЗЕРВ4,0.0,0.0,0.0,0.0,0.0,0.0,0.0,0.0,0.0,0.0,0.0,0.0,0.0,0.0,0.0,0.0,0.0,0.0,0.0,0.0,0.0,0.0,0.0,0.0,0.0,0.0,,,,,,,0,6484,-0.0,-0.0,-0.0,0.0,0.0,False,False,—,0.0,—,0.0,Лист не содержит продаж за период и исключен из сопоставимого рейтинга.,—,0
