store,purchases,revenue,gross_profit,cash_revenue,cashless_revenue,receipts_total,writeoffs_copy,writeoffs_frozen,movement,discount,revaluation,cash_operating_costs,driver_cash,utilities_cash,rent,bank_fee,gross_profit_tax,salary_cashless,payroll_tax,vacation_cashless,vacation_tax,salary_cash,vacation_cash,personal_income_tax,net_profit,gross_profit_tax_cost,bank_fee_cost,personal_income_tax_cost,payroll_total,writeoffs_total,gross_margin,net_margin,operating_store,active_sheet,primary_cost_driver,primary_cost_driver_amount,excess_cost_driver,excess_cost_amount,narrative,loss_month_names,loss_months,best_month,best_month_profit,worst_month,worst_month_profit,reported_month_count
А1,18455255.0,25419152.0,6963897.0,4624650.0,20679381.0,25304031.0,19076.0,5122.0,0.0,33472.0,39494.0,323700.0,207000.0,216655.0,1015000.0,-413587.62000000005,-835667.6399999999,695092.0,288214.0,92541.0,46270.0,654540.0,0.0,-215212.8,1955294.94,835667.6399999999,413587.62000000005,215212.8,1991869.8,24198.0,0.2739626011127358,0.07692211526175224,True,True,Закупочная себестоимость,18455255.0,Аренда,92047.32286151324,"Маржа выше сети: 7.7% против 4.6%. Результат поддержан валовой маржой 27.4%; крупнейшая контролируемая статья — Закупочная себестоимость 18,455,255.",—,0,Март,516156.94,68280.40000000002,68280.40000000002,7
А2,28680843.0,39154723.0,10473880.0,6591810.0,32682823.0,39274633.0,59484.0,34016.0,-9935.0,49353.0,78008.0,252290.0,207000.0,345635.0,1330000.0,-653656.46,-1256865.6,708546.0,236856.0,93413.0,46707.0,889784.0,0.0,-251256.28,4167854.66,1256865.6,653656.46,251256.28,2226562.28,93500.0,0.2674997854026448,0.10644577053961025,True,True,Закупочная себестоимость,28680843.0,Налог с валовой прибыли,21550.224045103183,"Маржа выше сети: 10.6% против 4.6%. Результат поддержан валовой маржой 26.7%; крупнейшая контролируемая статья — Закупочная себестоимость 28,680,843.",—,0,Март,768418.5,302769.84,302769.84,7
А3,9025695.0,12299048.0,3273353.0,2350747.0,10008445.0,12359192.0,51223.0,39057.0,0.0,28615.0,15238.0,83796.0,190000.0,188741.0,850000.0,-200168.90000000002,-392802.36,52635.0,0.0,0.0,0.0,583182.0,0.0,-146735.16,546235.5800000001,392802.36,200168.90000000002,146735.16,782552.16,90280.0,0.26614685949676753,0.04441283422912083,True,True,Закупочная себестоимость,9025695.0,Аренда,403429.6628835316,"Доходность ниже сети: 4.4% против 4.6%. Ключевая нагрузка — Закупочная себестоимость 9,025,695; резерв к медиане — «Аренда» (403,430).",Май,1,Июнь,155853.78,-594.139999999983,-594.139999999983,7
ГС1,11217891.0,15221798.0,4003907.0,2760102.0,12579940.0,15340042.0,309384.0,7673.0,0.0,20326.0,14300.0,165419.0,91000.0,194915.0,619500.0,-251598.8,-480468.83999999997,684253.0,289491.0,94012.0,47006.0,643888.0,0.0,-178047.54,256634.81999999995,480468.83999999997,251598.8,178047.54,1936697.54,317057.0,0.2630377173576998,0.016859691608047876,True,True,Закупочная себестоимость,11217891.0,ФОТ и налоги на персонал,363487.66354811564,"Доходность ниже сети: 1.7% против 4.6%. Ключевая нагрузка — Закупочная себестоимость 11,217,891; резерв к медиане — «ФОТ и налоги на персонал» (363,488).",Июль,1,Февраль,169310.54000000004,-147259.74,-147259.74,7
ГС2,10985453.0,14811951.0,3826498.0,2421164.0,12306758.0,14727922.0,233281.0,3934.0,0.0,13050.0,22184.0,90974.0,91000.0,301000.0,455000.0,-246135.16,-459179.75999999995,422460.0,203958.0,93682.0,46841.0,523882.0,0.0,-135268.32,753183.7600000001,459179.75999999995,246135.16,135268.32,1426091.32,237215.0,0.2583385537799848,0.050849733434845966,True,True,Закупочная себестоимость,10985453.0,Коммунальные платежи за наличные,108199.2619736197,"Маржа выше сети: 5.1% против 4.6%. Результат поддержан валовой маржой 25.8%; крупнейшая контролируемая статья — Закупочная себестоимость 10,985,453.",Июль,1,Март,261301.34000000003,-37756.84000000004,-37756.84000000004,7
ЗАО,6988282.0,9516422.0,2528140.0,633360.0,8802594.0,9435954.0,28403.0,2778.0,-5780.0,15743.0,16662.0,86794.0,264000.0,175000.0,35000.0,-176051.88,-303376.8,645264.0,269996.0,279932.0,139966.0,62797.0,0.0,-32910.020000000004,54274.30000000002,303376.8,176051.88,32910.020000000004,1430865.02,31181.0,0.2656607704029939,0.005703225434937629,True,True,Закупочная себестоимость,6988282.0,ФОТ и налоги на персонал,447319.641268526,"Доходность ниже сети: 0.6% против 4.6%. Ключевая нагрузка — Закупочная себестоимость 6,988,282; резерв к медиане — «ФОТ и налоги на персонал» (447,320).","Май, Июнь, Июль",3,Март,98182.96,-115348.2,-115348.2,7
ЗАП,14313269.0,19392304.0,5079035.0,2106985.0,17308287.0,19415272.0,269471.0,13110.0,651.0,41246.0,49159.0,214898.0,372000.0,221482.0,665600.0,-346165.74,-609484.2,662972.0,247747.0,54035.0,27018.0,403953.0,0.0,-136147.22,1104422.84,609484.2,346165.74,136147.22,1531872.22,282581.0,0.2619098277337236,0.056951605131602724,True,True,Закупочная себестоимость,14313269.0,Списания,52859.4008201634,"Маржа выше сети: 5.7% против 4.6%. Результат поддержан валовой маржой 26.2%; крупнейшая контролируемая статья — Закупочная себестоимость 14,313,269.",Июнь,1,Апрель,259757.12000000005,-57899.01999999998,-57899.01999999998,7
К49,11405845.0,15439035.0,4033190.0,2472836.0,12660850.0,15133686.0,139778.0,9981.0,-4410.0,28490.0,25763.0,137140.0,91000.0,301834.0,805000.0,-253217.00000000003,-483982.8,684252.0,289490.0,186861.0,93430.0,69463.0,0.0,-45452.66,582086.54,483982.8,253217.00000000003,45452.66,1368948.66,149759.0,0.26123329599291667,0.037702261831778994,True,True,Закупочная себестоимость,11405845.0,Аренда,244418.801788321,"Доходность ниже сети: 3.8% против 4.6%. Ключевая нагрузка — Закупочная себестоимость 11,405,845; резерв к медиане — «Аренда» (244,419).","Июнь, Июль",2,Январь,223132.2,-101393.82,-101393.82,7
К80,7507230.0,10168346.0,2661116.0,1419879.0,8438671.0,9858550.0,458848.0,30818.0,-18214.0,39660.0,31236.0,89078.0,91000.0,87741.0,455000.0,-168773.42,-319333.92,404544.0,221375.0,0.0,20000.0,319467.0,73000.0,-105939.9,275045.76000000007,319333.92,168773.42,105939.9,1144325.9,489666.0,0.2617058860900288,0.02704921331355169,True,True,Закупочная себестоимость,7507230.0,Списания,369211.58137424546,"Доходность ниже сети: 2.7% против 4.6%. Ключевая нагрузка — Закупочная себестоимость 7,507,230; резерв к медиане — «Списания» (369,212).","Июнь, Июль",2,Январь,131657.86000000002,-48798.939999999966,-48798.939999999966,7
КА1,4900149.0,6864591.0,1964442.0,1365434.0,6112872.0,7478306.0,75990.0,19243.0,-544417.0,42931.0,16991.0,288502.0,120000.0,135000.0,125000.0,-122257.44,-235733.03999999998,0.0,263171.0,186000.0,93000.0,645900.0,0.0,-205568.44,-474932.92000000004,235733.03999999998,122257.44,205568.44,1393639.44,95233.0,0.2861702904076878,-0.06918590197143575,True,True,Закупочная себестоимость,4900149.0,ФОТ и налоги на персонал,684167.2502493071,"Убыточный результат: чистая маржа -6.9%, убыток 474,933. Крупнейшая контролируемая нагрузка — Закупочная себестоимость 4,900,149; наибольший избыток к медиане — «ФОТ и налоги на персонал» (684,167).","Апрель, Май, Июнь",3,Январь,41099.22,-445979.52,-445979.52,7
КА2,8739224.0,12413115.0,3673891.0,2972027.0,9681215.0,12653242.0,33136.0,5032.0,362046.0,27576.0,0.0,112443.0,140000.0,0.0,420000.0,-193624.30000000002,-440866.92,684252.0,276332.0,93608.0,46804.0,46000.0,0.0,-34857.46,1180071.32,440866.92,193624.30000000002,34857.46,1181853.46,38168.0,0.29596849783474977,0.09506649378500079,True,True,Закупочная себестоимость,8739224.0,Налог с валовой прибыли,49238.25688836537,"Маржа выше сети: 9.5% против 4.6%. Результат поддержан валовой маржой 29.6%; крупнейшая контролируемая статья — Закупочная себестоимость 8,739,224.",—,0,Март,261227.9,33760.67999999998,33760.67999999998,7
КИР1,31435926.0,42387814.0,10951888.0,6767230.0,35805305.0,42572535.0,59000.0,5692.0,74283.0,42062.0,132882.0,367880.0,190000.0,0.0,1050000.0,-716106.1000000001,-1314226.56,0.0,236854.0,0.0,0.0,2087400.0,93000.0,-560621.6,4330107.74,1314226.56,716106.1000000001,560621.6,2977875.6,64692.0,0.258373503290356,0.10215454234087185,True,True,Закупочная себестоимость,31435926.0,Банковская комиссия,2062.78528026375,"Маржа выше сети: 10.2% против 4.6%. Результат поддержан валовой маржой 25.8%; крупнейшая контролируемая статья — Закупочная себестоимость 31,435,926.",—,0,Апрель,1128969.46,194472.4400000001,194472.4400000001,7
КИР2,7613441.0,10428128.0,2814687.0,1991558.0,8484363.0,10475921.0,118338.0,6618.0,-2645.0,17243.0,5564.0,37450.0,207000.0,248056.0,500000.0,-169687.26,-337762.44,485313.0,190021.0,186828.0,93414.0,300799.0,0.0,-74414.78,-22676.479999999952,337762.44,169687.26,74414.78,1330789.78,124956.0,0.26991296999806674,-0.002174549449335485,True,True,Закупочная себестоимость,7613441.0,ФОТ и налоги на персонал,253017.3668787356,"Убыточный результат: чистая маржа -0.2%, убыток 22,676. Крупнейшая контролируемая нагрузка — Закупочная себестоимость 7,613,441; наибольший избыток к медиане — «ФОТ и налоги на персонал» (253,017).","Апрель, Июнь, Июль",3,Март,109853.89999999998,-167433.97999999998,-167433.97999999998,7
КИР3,12583904.0,17028809.0,4444905.0,2617021.0,14940738.0,17557759.0,57576.0,14693.0,-114678.0,30885.0,5500.0,39341.0,190000.0,188158.0,550000.0,-298814.76,-533388.6,52635.0,78951.0,93600.0,46800.0,717100.0,0.0,-166417.02,1475006.62,533388.6,298814.76,166417.02,1155503.02,72269.0,0.26102265871911534,0.08661830783350732,True,True,Закупочная себестоимость,12583904.0,Банковская комиссия,11956.201450854773,"Маржа выше сети: 8.7% против 4.6%. Результат поддержан валовой маржой 26.1%; крупнейшая контролируемая статья — Закупочная себестоимость 12,583,904.",Май,1,Апрель,453444.76,-8966.52,-8966.52,7
КНИП,20011784.0,26458746.0,6446962.0,2930306.0,23457813.0,26388119.0,370293.0,249889.0,-4500.0,23227.0,57134.0,198223.0,91000.0,350000.0,1323000.0,-469156.26,-773635.4400000001,378825.0,242417.0,93431.0,46715.0,1093050.0,0.0,-284080.06,853540.24,773635.4400000001,469156.26,284080.06,2138518.06,620182.0,0.2436609051691263,0.032259285455176145,True,True,Закупочная себестоимость,20011784.0,Аренда,362300.34902709466,"Доходность ниже сети: 3.2% против 4.6%. Ключевая нагрузка — Закупочная себестоимость 20,011,784; резерв к медиане — «Аренда» (362,300).","Апрель, Июнь",2,Февраль,295223.34,-123843.89999999997,-123843.89999999997,7
КОВ,17169724.0,23877346.0,6707622.0,3782715.0,19955161.0,23737876.0,22707.0,129.0,-24980.0,6919.0,12234.0,250569.0,552000.0,229505.0,1365000.0,-399103.22000000003,-804914.64,684252.0,289491.0,93608.0,46804.0,508818.0,0.0,-167065.14,1316363.0,804914.64,399103.22000000003,167065.14,1790038.1400000001,22836.0,0.28091991463372856,0.05513020584448539,True,True,Закупочная себестоимость,17169724.0,Аренда,498029.283838346,"Маржа выше сети: 5.5% против 4.6%. Результат поддержан валовой маржой 28.1%; крупнейшая контролируемая статья — Закупочная себестоимость 17,169,724.",Июль,1,Март,380956.5,-49021.699999999975,-49021.699999999975,7
Л76,8257721.0,10906975.0,2649254.0,1214357.0,9697943.0,10912300.0,215179.0,6496.0,0.0,5467.0,0.0,85233.0,91000.0,210000.0,350000.0,-193958.86,-317910.48,368444.0,157902.0,0.0,0.0,375149.0,0.0,-101284.04000000001,391876.62,317910.48,193958.86,101284.04000000001,1002779.04,221675.0,0.24289539491930623,0.03592899222745078,True,True,Закупочная себестоимость,8257721.0,Списания,92470.76829991433,"Доходность ниже сети: 3.6% против 4.6%. Ключевая нагрузка — Закупочная себестоимость 8,257,721; резерв к медиане — «Списания» (92,471).","Февраль, Май",2,Январь,149691.12,-28538.92000000001,-28538.92000000001,7
МАК,5183017.0,7098280.0,1915263.0,1222561.0,6063836.0,7286397.0,8655.0,21454.0,0.0,13404.0,10377.0,142932.0,91000.0,0.0,525000.0,-121276.72,-229831.55999999997,342127.0,157901.0,0.0,0.0,393394.0,93000.0,-138451.72,-341105.0,229831.55999999997,121276.72,138451.72,1124873.72,30109.0,0.2698207171314741,-0.04805459914232744,True,True,Закупочная себестоимость,5183017.0,ФОТ и налоги на персонал,391249.203249687,"Убыточный результат: чистая маржа -4.8%, убыток 341,105. Крупнейшая контролируемая нагрузка — Закупочная себестоимость 5,183,017; наибольший избыток к медиане — «ФОТ и налоги на персонал» (391,249).","Январь, Апрель, Май, Июнь, Июль",5,Март,55145.52000000002,-227662.82,-227662.82,7
МИРА,5560466.0,7632280.0,2071814.0,986904.0,6631171.0,7618075.0,66322.0,27944.0,-31372.0,29152.0,20018.0,136511.0,91000.0,0.0,469000.0,-132623.42,-248617.68,618348.0,230220.0,93400.0,46700.0,138263.0,0.0,-60450.28,-221263.38,248617.68,132623.42,60450.28,1187381.28,94266.0,0.2714541395231831,-0.028990469427222273,True,True,Закупочная себестоимость,5560466.0,ФОТ и налоги на персонал,398566.5633780748,"Убыточный результат: чистая маржа -2.9%, убыток 221,263. Крупнейшая контролируемая нагрузка — Закупочная себестоимость 5,560,466; наибольший избыток к медиане — «ФОТ и налоги на персонал» (398,567).","Апрель, Май, Июнь, Июль",4,Март,58030.98000000001,-182622.98,-182622.98,7
МОЛ,1099509.0,1369390.0,269881.0,329806.0,1081619.0,1411425.0,61434.0,10149.0,-485123.0,1489.0,10684.0,32623.0,39000.0,120000.0,90000.0,-21632.38,-32385.72,157904.0,52633.0,0.0,0.0,102600.0,0.0,-29749.059999999998,-418795.16000000003,32385.72,21632.38,29749.059999999998,342886.06,71583.0,0.19708118213219025,-0.3058260685414674,True,True,Закупочная себестоимость,1099509.0,ФОТ и налоги на персонал,201356.27010826409,"Убыточный результат: чистая маржа -30.6%, убыток 418,795. Крупнейшая контролируемая нагрузка — Закупочная себестоимость 1,099,509; наибольший избыток к медиане — «ФОТ и налоги на персонал» (201,356).","Январь, Февраль, Март",3,Апрель,0.0,-151530.72,-151530.72,7
МОН,10724938.0,14471507.0,3746569.0,1946990.0,12199689.0,14146679.0,95558.0,7981.0,-16032.0,26049.0,33822.0,218600.0,190000.0,377000.0,375000.0,-243993.78,-449588.28,623721.0,269752.0,185237.0,92618.0,438250.0,0.0,-144507.0,130320.94000000008,449588.28,243993.78,144507.0,1754085.0,103539.0,0.2588928022492751,0.009005346851575311,True,True,Закупочная себестоимость,10724938.0,ФОТ и налоги на персонал,258419.52476884937,"Доходность ниже сети: 0.9% против 4.6%. Ключевая нагрузка — Закупочная себестоимость 10,724,938; резерв к медиане — «ФОТ и налоги на персонал» (258,420).","Февраль, Март, Май, Июль",4,Апрель,138490.62,-121288.87999999998,-121288.87999999998,7
Н95,8579686.0,11762112.0,3182426.0,2380156.0,9620088.0,12000244.0,30508.0,188493.0,-6400.0,41376.0,26071.0,405210.0,91000.0,365000.0,285248.0,-192401.76,-381891.12,517308.0,237708.0,186600.0,46800.0,886895.0,77500.0,-301313.1,-980941.98,381891.12,192401.76,301313.1,2254124.1,219001.0,0.2705658643617745,-0.08339845599157703,True,True,Закупочная себестоимость,8579686.0,ФОТ и налоги на персонал,1038481.1932728693,"Убыточный результат: чистая маржа -8.3%, убыток 980,942. Крупнейшая контролируемая нагрузка — Закупочная себестоимость 8,579,686; наибольший избыток к медиане — «ФОТ и налоги на персонал» (1,038,481).","Январь, Февраль, Март, Апрель, Май, Июнь, Июль",7,Март,-15318.579999999973,-264045.94,-264045.94,7
НИК,6642512.0,8944783.0,2302271.0,1209519.0,7450230.0,8659749.0,185393.0,461.0,-10000.0,28738.0,0.0,111483.0,264000.0,225979.0,665000.0,-149004.6,-276272.52,561046.0,217360.0,187265.0,93632.0,175700.0,0.0,-63180.26,-688112.38,276272.52,149004.6,63180.26,1298183.26,185854.0,0.25738701542563974,-0.0769289070511828,True,True,Закупочная себестоимость,6642512.0,ФОТ и налоги на персонал,373718.1634116131,"Убыточный результат: чистая маржа -7.7%, убыток 688,112. Крупнейшая контролируемая нагрузка — Закупочная себестоимость 6,642,512; наибольший избыток к медиане — «ФОТ и налоги на персонал» (373,718).","Январь, Февраль, Март, Апрель, Май, Июнь, Июль",7,Январь,-927.1799999999848,-204839.08,-204839.08,7
ОЛЕ,17227086.0,23480152.0,6253066.0,3137307.0,20236125.0,23373432.0,84107.0,26690.0,-2835.0,37278.0,36291.0,389796.0,207000.0,70000.0,215250.0,-404722.5,-750367.92,1137595.0,437209.0,186814.0,93407.0,197354.0,0.0,-129173.0,2007687.58,750367.92,404722.5,129173.0,2181552.0,110797.0,0.26631284158637475,0.08550573181979401,True,True,Закупочная себестоимость,17227086.0,Операционные траты за наличные,147519.50515246883,"Маржа выше сети: 8.6% против 4.6%. Результат поддержан валовой маржой 26.6%; крупнейшая контролируемая статья — Закупочная себестоимость 17,227,086.",—,0,Февраль,502587.9999999999,45322.79999999999,45322.79999999999,7
П.ЗОР,10458457.0,14509134.0,4050677.0,1646876.0,12684003.0,14330879.0,12883.0,30000.0,4928.0,1826.0,40028.0,591516.0,702000.0,0.0,622500.0,-253680.06000000003,-486081.24,563192.0,210538.0,187297.0,93648.0,333650.0,0.0,-203536.52,-226961.82,486081.24,253680.06000000003,203536.52,1591861.52,42883.0,0.2791811695997845,-0.015642685497287433,True,True,Закупочная себестоимость,10458457.0,Операционные траты за наличные,441805.63488851604,"Убыточный результат: чистая маржа -1.6%, убыток 226,962. Крупнейшая контролируемая нагрузка — Закупочная себестоимость 10,458,457; наибольший избыток к медиане — «Операционные траты за наличные» (441,806).","Апрель, Май, Июнь",3,Февраль,121990.62,-216910.98,-216910.98,7
ПЗ1,6859319.0,9150808.0,2291489.0,1429776.0,7645129.0,9074905.0,237289.0,32474.0,-21499.0,19611.0,7403.0,88547.0,91000.0,70000.0,665000.0,-152902.58000000002,-274978.68000000005,562787.0,255075.0,93608.0,46804.0,172851.0,0.0,-57507.56,-272045.82,274978.68000000005,152902.58000000002,57507.56,1188632.56,269763.0,0.2504138432365754,-0.029729158343175816,True,True,Закупочная себестоимость,6859319.0,Аренда,332740.1849762619,"Убыточный результат: чистая маржа -3.0%, убыток 272,046. Крупнейшая контролируемая нагрузка — Закупочная себестоимость 6,859,319; наибольший избыток к медиане — «Аренда» (332,740).","Январь, Февраль, Апрель, Май, Июнь, Июль",6,Март,67947.48000000001,-204676.32,-204676.32,7
ПЗ2,7892421.0,10640640.0,2748219.0,1721646.0,8954462.0,10676108.0,76648.0,47948.0,-9520.0,12675.0,13204.0,90730.0,91000.0,292005.0,700000.0,-179089.24,-329786.28,263174.0,105268.0,0.0,0.0,493722.0,0.0,-128579.44,26917.04000000003,329786.28,179089.24,128579.44,990743.44,124596.0,0.2582757240166005,0.002529644833393483,True,True,Закупочная себестоимость,7892421.0,Аренда,313645.365727902,"Доходность ниже сети: 0.3% против 4.6%. Ключевая нагрузка — Закупочная себестоимость 7,892,421; резерв к медиане — «Аренда» (313,645).","Апрель, Май, Июнь, Июль",4,Февраль,131988.92000000004,-93629.8,-93629.8,7
ПОЛ,10475077.0,14456525.0,3981448.0,1577595.0,12397384.0,13974979.0,237998.0,30625.0,0.0,27892.0,0.0,107985.0,300000.0,0.0,359100.0,-247947.68000000002,-477773.76,368442.0,157900.0,93608.0,46804.0,377792.0,0.0,-106870.94,1306599.62,477773.76,247947.68000000002,106870.94,1151416.94,268623.0,0.27540837096051785,0.09038130671098346,True,True,Закупочная себестоимость,10475077.0,Списания,97370.73200836335,"Маржа выше сети: 9.0% против 4.6%. Результат поддержан валовой маржой 27.5%; крупнейшая контролируемая статья — Закупочная себестоимость 10,475,077.",Июль,1,Март,405387.3,-32814.25999999997,-32814.25999999997,7
ПОРТ,68331804.0,87824981.0,19493177.0,10720621.0,76768297.0,87488918.0,291411.0,581346.0,-13671.0,80476.0,22382.0,468170.0,91000.0,350000.0,499800.0,-1535365.94,-2339181.24,1987447.0,1072671.0,558336.0,279168.0,1736776.0,0.0,-485088.12,7508827.7,2339181.24,1535365.94,485088.12,6119486.12,872757.0,0.22195481032896552,0.08549762965505225,True,True,Закупочная себестоимость,68331804.0,Банковская комиссия,55911.47819553269,"Маржа выше сети: 8.5% против 4.6%. Результат поддержан валовой маржой 22.2%; крупнейшая контролируемая статья — Закупочная себестоимость 68,331,804.",—,0,Июль,1706633.46,760296.26,760296.26,7
РОС,6690069.0,9139386.0,2449317.0,1595272.0,7489565.0,9084837.0,116642.0,99983.0,-8177.0,9698.0,5000.0,107339.0,91000.0,371306.0,350000.0,-149791.3,-293918.04,473714.0,171060.0,93400.0,46700.0,241734.0,0.0,-76796.06,-117424.39999999997,293918.04,149791.3,76796.06,1103404.06,216625.0,0.26799579315284416,-0.012848171638663688,True,True,Закупочная себестоимость,6690069.0,Коммунальные платежи за наличные,252342.57877966462,"Убыточный результат: чистая маржа -1.3%, убыток 117,424. Крупнейшая контролируемая нагрузка — Закупочная себестоимость 6,690,069; наибольший избыток к медиане — «Коммунальные платежи за наличные» (252,343).","Апрель, Май, Июнь, Июль",4,Март,83875.15999999999,-172192.69999999998,-172192.69999999998,7
С1,16321833.0,21828558.0,5506725.0,2606711.0,19054819.0,21661530.0,427985.0,33802.0,339242.0,48778.0,18403.0,317119.0,170000.0,245000.0,665000.0,-381096.38000000006,-660807.0,630639.0,279135.0,93433.0,46716.0,747600.0,70000.0,-249638.18,916739.4400000001,660807.0,381096.38000000006,249638.18,2117161.18,461787.0,0.25227158843932795,0.041997251490455766,True,True,Закупочная себестоимость,16321833.0,Списания,203205.4899561282,"Доходность ниже сети: 4.2% против 4.6%. Ключевая нагрузка — Закупочная себестоимость 16,321,833; резерв к медиане — «Списания» (203,205).",—,0,Июнь,242940.48,37805.14,37805.14,7
С3,5334958.0,7174722.0,1839764.0,936535.0,6720390.0,7656925.0,6526.0,1574.0,300449.0,13716.0,11505.0,172062.0,160000.0,161000.0,238000.0,-134407.80000000002,-220771.68,235252.0,91307.0,93000.0,46500.0,504565.0,93000.0,-169317.94,-480993.42000000004,220771.68,134407.80000000002,169317.94,1232941.94,8100.0,0.25642303632112856,-0.06704000796128408,True,True,Закупочная себестоимость,5334958.0,ФОТ и налоги на персонал,491416.9564733091,"Убыточный результат: чистая маржа -6.7%, убыток 480,993. Крупнейшая контролируемая нагрузка — Закупочная себестоимость 5,334,958; наибольший избыток к медиане — «ФОТ и налоги на персонал» (491,417).","Январь, Февраль, Апрель, Май, Июнь, Июль",6,Март,4929.5,-195133.06,-195133.06,7
СНЕЖ,7893256.0,10706912.0,2813656.0,922289.0,9705227.0,10627516.0,58214.0,21395.0,0.0,50418.0,76396.0,108597.0,300000.0,206830.0,35000.0,-194104.54,-337638.72,631622.0,263174.0,92400.0,46200.0,96763.0,0.0,-45179.2,434752.54000000004,337638.72,194104.54,45179.2,1175338.2,79609.0,0.2627887480535938,0.04060484853149069,True,True,Закупочная себестоимость,7893256.0,ФОТ и налоги на персонал,68752.78185812221,"Доходность ниже сети: 4.1% против 4.6%. Ключевая нагрузка — Закупочная себестоимость 7,893,256; резерв к медиане — «ФОТ и налоги на персонал» (68,753).",Май,1,Январь,199366.72,-109623.62,-109623.62,7
УМБА,5253971.0,7142202.0,1888231.0,1960394.0,5217722.0,7178116.0,78987.0,13168.0,0.0,12569.0,6602.0,107379.0,140000.0,253424.0,325000.0,-104354.44,-226587.72,702472.0,263174.0,93831.0,46916.0,40545.0,0.0,-32543.28,-461163.44,226587.72,104354.44,32543.28,1179481.28,92155.0,0.2643765886207083,-0.06456880385068918,True,True,Закупочная себестоимость,5253971.0,ФОТ и налоги на персонал,441317.3176340298,"Убыточный результат: чистая маржа -6.5%, убыток 461,163. Крупнейшая контролируемая нагрузка — Закупочная себестоимость 5,253,971; наибольший избыток к медиане — «ФОТ и налоги на персонал» (441,317).","Январь, Февраль, Март, Апрель, Май, Июль",6,Июнь,43051.52,-169866.72,-169866.72,7
