store,month,month_number,total_row,net_profit_cell,purchases,revenue,gross_profit,cash_revenue,cashless_revenue,receipts_total,writeoffs_copy,writeoffs_frozen,movement,discount,revaluation,cash_operating_costs,driver_cash,utilities_cash,rent,bank_fee,gross_profit_tax,salary_cashless,payroll_tax,vacation_cashless,vacation_tax,salary_cash,vacation_cash,personal_income_tax,net_profit
ПОРТ,Январь,1,34,AQ3,7300402.0,9486006.0,2185604.0,1309200.0,8522663.0,9831863.0,1050.0,97140.0,0.0,64808.0,0.0,69000.0,13000.0,50000.0,71400.0,-170453.26000000004,-262272.48000000004,368444.0,184222.0,0.0,0.0,101800.0,0.0,-37576.0,760296.26
ПОРТ,Февраль,2,91,AQ60,7765683.0,10075140.0,2309457.0,1470140.0,8199512.0,9669652.0,36786.0,72401.0,0.0,0.0,20512.0,54550.0,13000.0,50000.0,71400.0,-163990.24,-277134.84,368438.0,210536.0,0.0,0.0,70780.0,0.0,-27572.6,929654.32
ПОРТ,Март,3,148,AQ117,9000150.0,11572052.0,2571902.0,1216800.0,10586857.0,11803657.0,519.0,100650.0,0.0,0.0,0.0,54500.0,13000.0,50000.0,71400.0,-211737.14,-308628.24,368444.0,210536.0,0.0,0.0,144400.0,0.0,-43758.0,994848.62
ПОРТ,Апрель,4,205,AQ174,9647666.0,12294670.0,2647004.0,1829426.0,10476253.0,12305679.0,1379.0,83407.0,-13671.0,0.0,0.0,75900.0,13000.0,50000.0,71400.0,-209525.06,-317640.48000000004,315809.0,157904.0,92593.0,46296.0,176626.0,0.0,-55555.72,981347.74
ПОРТ,Май,5,262,AQ231,9228885.0,11895063.0,2666178.0,1200655.0,10667291.0,11867946.0,22241.0,82709.0,0.0,0.0,0.0,74250.0,13000.0,50000.0,71400.0,-213345.82,-319941.36000000004,315809.0,184222.0,186800.0,93400.0,200550.0,0.0,-60456.0,800294.8200000001
ПОРТ,Июнь,6,319,AQ288,12060208.0,15551807.0,3491599.0,1651090.0,13142872.0,14793962.0,113480.0,110109.0,0.0,8234.0,1870.0,64090.0,13000.0,50000.0,71400.0,-262857.43999999994,-418991.88,184223.0,92112.0,278943.0,139472.0,374220.0,0.0,-96428.2,1335752.4800000002
ПОРТ,Июль,7,376,AQ345,13328810.0,16950243.0,3621433.0,2043310.0,15172849.0,17216159.0,115956.0,34930.0,0.0,7434.0,0.0,75880.0,13000.0,50000.0,71400.0,-303456.98,-434571.96,66280.0,33139.0,0.0,0.0,668400.0,0.0,-163741.6,1706633.46
ПОРТ,Август,8,433,AQ402,13619022.0,17366349.0,3747327.0,1619989.0,14691979.0,16311968.0,141112.0,92078.0,-14178.0,600.0,12000.0,116689.0,13000.0,50000.0,71400.0,-293839.58,-449679.23999999993,117418.0,71868.0,0.0,0.0,570590.0,0.0,-151201.38,1749563.8000000005
КНИП,Январь,1,34,AQ3,3229877.0,4333901.0,1104024.0,494791.0,3744882.0,4239673.0,51881.0,65895.0,0.0,6116.0,33146.0,29650.0,13000.0,50000.0,189000.0,-74897.64000000001,-132482.88,55835.0,0.0,0.0,0.0,160500.0,0.0,-41833.0,290930.48
КНИП,Февраль,2,91,AQ60,3070921.0,4130391.0,1059470.0,503521.0,3508682.0,4012203.0,2535.0,17501.0,0.0,1843.0,9038.0,23521.0,13000.0,50000.0,189000.0,-70173.64000000001,-127136.4,59214.0,52634.0,0.0,0.0,128600.0,0.0,-33466.619999999995,295223.34
КНИП,Март,3,148,AQ117,2999214.0,4002175.0,1002961.0,361942.0,3579515.0,3941457.0,43371.0,20850.0,0.0,2579.0,0.0,19000.0,13000.0,50000.0,189000.0,-71590.3,-120355.32,59214.0,52634.0,0.0,0.0,156800.0,0.0,-38676.0,211841.37999999995
КНИП,Апрель,4,205,AQ174,2427362.0,3197193.0,769831.0,341445.0,3126465.0,3467910.0,32187.0,69172.0,0.0,2906.0,0.0,26945.0,13000.0,50000.0,189000.0,-62529.3,-92379.72,59215.0,36844.0,0.0,0.0,172600.0,0.0,-43899.9,-45753.91999999996
КНИП,Май,5,262,AQ231,2921830.0,3845079.0,923249.0,354072.0,3128551.0,3482623.0,92148.0,239.0,0.0,1603.0,14950.0,28072.0,13000.0,50000.0,189000.0,-62571.02,-110789.88000000002,72486.0,56638.0,0.0,0.0,170700.0,0.0,-43729.84,126023.25999999998
КНИП,Июнь,6,319,AQ288,2682825.0,3495296.0,812471.0,425506.0,3236653.0,3662159.0,117761.0,51267.0,0.0,7461.0,0.0,27506.0,13000.0,50000.0,189000.0,-64733.06,-97496.52,59215.0,36844.0,93431.0,46715.0,164800.0,0.0,-42307.32,-123843.89999999997
КНИП,Июль,7,376,AQ345,2679755.0,3454711.0,774956.0,449029.0,3133065.0,3582094.0,30410.0,24965.0,-4500.0,719.0,0.0,43529.0,13000.0,50000.0,189000.0,-62661.3,-92994.72,13646.0,6823.0,0.0,0.0,139050.0,0.0,-40167.380000000005,99119.60000000003
КНИП,Август,8,433,AQ402,3180315.0,4186070.0,1005755.0,405950.0,3303710.0,3709660.0,31046.0,12480.0,0.0,0.0,0.0,28600.0,13000.0,50000.0,189000.0,-66074.2,-120690.6,42514.0,21257.0,0.0,0.0,147200.0,0.0,-38676.0,276263.20000000007
Л76,Январь,1,34,AQ3,1177050.0,1630648.0,453598.0,168845.0,1376978.0,1545823.0,3817.0,1090.0,0.0,0.0,0.0,14148.0,13000.0,30000.0,50000.0,-27539.559999999998,-54431.75999999999,52635.0,0.0,0.0,0.0,47500.0,0.0,-13562.56,149691.12
Л76,Февраль,2,91,AQ60,961336.0,1251958.0,290622.0,112633.0,1216542.0,1329175.0,27425.0,0.0,0.0,0.0,0.0,7633.0,13000.0,30000.0,50000.0,-24330.840000000004,-34874.64000000001,52634.0,26317.0,0.0,0.0,49000.0,0.0,-12459.26,-9626.74000000001
Л76,Март,3,148,AQ117,1501568.0,1980596.0,479028.0,269848.0,1670416.0,1940264.0,12421.0,2650.0,0.0,2000.0,0.0,7232.0,13000.0,30000.0,50000.0,-33408.32,-57483.35999999999,52635.0,26317.0,0.0,0.0,56000.0,0.0,-13911.04,136391.28
Л76,Апрель,4,205,AQ174,1095043.0,1450814.0,355771.0,221704.0,1376813.0,1598517.0,7313.0,0.0,0.0,336.0,0.0,14901.0,13000.0,30000.0,50000.0,-27536.26,-42692.52,52635.0,26317.0,0.0,0.0,57683.0,0.0,-15968.48,25037.74
Л76,Май,5,262,AQ231,995419.0,1268401.0,272982.0,142813.0,959063.0,1101876.0,73646.0,0.0,0.0,382.0,0.0,10031.0,13000.0,30000.0,50000.0,-19181.26,-32757.840000000004,52635.0,26317.0,0.0,0.0,53600.0,0.0,-13998.82,-28538.92000000001
Л76,Июнь,6,319,AQ288,1202800.0,1590114.0,387314.0,80766.0,1455394.0,1536160.0,53223.0,2756.0,0.0,2196.0,0.0,10089.0,13000.0,30000.0,50000.0,-29107.88,-46477.68,52635.0,26317.0,0.0,0.0,53683.0,0.0,-14029.84,59218.600000000006
Л76,Июль,7,376,AQ345,1324505.0,1734444.0,409939.0,217748.0,1642737.0,1860485.0,37334.0,0.0,0.0,553.0,0.0,21199.0,13000.0,30000.0,50000.0,-32854.74,-49192.68,52635.0,26317.0,0.0,0.0,57683.0,0.0,-17354.04,59703.540000000015
Л76,Август,8,433,AQ402,1764483.0,2334046.0,569563.0,188505.0,1938001.0,2126506.0,68620.0,0.0,0.0,0.0,0.0,9005.0,13000.0,30000.0,50000.0,-38760.02000000001,-68347.56,52635.0,26318.0,0.0,0.0,54152.0,0.0,-13894.54,213450.88
К49,Январь,1,34,AQ3,1731811.0,2368102.0,636291.0,298644.0,1769634.0,2068278.0,12761.0,1899.0,0.0,4030.0,1745.0,21510.0,13000.0,40000.0,115000.0,-35392.68000000001,-76354.91999999998,105270.0,0.0,0.0,0.0,0.0,0.0,-4732.2,223132.2
К49,Февраль,2,91,AQ60,1675204.0,2312340.0,637136.0,390314.0,2014157.0,2404471.0,25383.0,2321.0,-4410.0,8896.0,12958.0,17483.0,13000.0,40000.0,115000.0,-40283.14,-76456.32,105268.0,52634.0,0.0,0.0,0.0,0.0,-3846.26,170844.27999999997
К49,Март,3,148,AQ117,1841776.0,2516720.0,674944.0,377337.0,2048161.0,2425498.0,2838.0,1920.0,0.0,2747.0,3500.0,15837.0,13000.0,40000.0,115000.0,-40963.22,-80993.28,105270.0,52635.0,0.0,0.0,3363.0,0.0,-4224.0,201738.5
К49,Апрель,4,205,AQ174,1612606.0,2170416.0,557810.0,379246.0,1906554.0,2285800.0,16717.0,1042.0,0.0,6984.0,4510.0,21881.0,13000.0,45334.0,115000.0,-38131.08,-66937.2,105270.0,52635.0,0.0,0.0,0.0,0.0,-4813.82,93765.89999999997
К49,Май,5,262,AQ231,1604319.0,2151242.0,546923.0,360613.0,1744687.0,2105300.0,38329.0,0.0,0.0,1820.0,3050.0,15613.0,13000.0,45500.0,115000.0,-34893.740000000005,-65630.75999999998,105270.0,52635.0,0.0,0.0,10200.0,0.0,-5678.860000000001,83501.64000000003
К49,Июнь,6,319,AQ288,1465208.0,1959103.0,493895.0,321682.0,1623212.0,1944894.0,39222.0,819.0,0.0,3087.0,0.0,15816.0,13000.0,45500.0,115000.0,-32464.240000000005,-59267.4,105270.0,52635.0,93431.0,46715.0,0.0,0.0,-3479.52,-89502.15999999999
К49,Июль,7,376,AQ345,1474921.0,1961112.0,486191.0,345000.0,1554445.0,1899445.0,4528.0,1980.0,0.0,926.0,0.0,29000.0,13000.0,45500.0,115000.0,-31088.9,-58342.920000000006,52634.0,26316.0,93430.0,46715.0,55900.0,0.0,-18678.0,-101393.82
К49,Август,8,433,AQ402,1564962.0,2090261.0,525299.0,365972.0,1663544.0,2029516.0,25189.0,0.0,0.0,0.0,2100.0,27972.0,13000.0,45500.0,115000.0,-33270.880000000005,-63035.880000000005,16195.0,8097.0,0.0,0.0,92300.0,0.0,-26459.84,84468.4
К80,Январь,1,34,AQ3,1100581.0,1513626.0,413045.0,215080.0,1188337.0,1403417.0,38089.0,6022.0,0.0,4890.0,736.0,14000.0,13000.0,0.0,65000.0,-23766.74,-49565.4,55835.0,0.0,0.0,0.0,41900.0,0.0,-12298.0,131657.86000000002
К80,Февраль,2,91,AQ60,926148.0,1290889.0,364741.0,161853.0,1225760.0,1387613.0,22964.0,5172.0,-18214.0,7544.0,9145.0,13000.0,13000.0,0.0,65000.0,-24515.200000000004,-43768.92,59214.0,52634.0,0.0,0.0,42200.0,0.0,-12144.0,34092.880000000005
К80,Март,3,148,AQ117,1214484.0,1666177.0,451693.0,223578.0,1347548.0,1571126.0,14852.0,9555.0,0.0,1536.0,11490.0,14018.0,13000.0,0.0,65000.0,-26950.960000000003,-54203.15999999999,59215.0,32896.0,0.0,0.0,49900.0,0.0,-14061.96,112892.92
К80,Апрель,4,205,AQ174,1064631.0,1444350.0,379719.0,235998.0,1226754.0,1462752.0,53267.0,0.0,0.0,4755.0,416.0,13365.0,13000.0,21741.0,65000.0,-24535.08,-45566.279999999984,59215.0,36510.0,0.0,0.0,45900.0,0.0,-13038.3,41848.34000000001
К80,Май,5,262,AQ231,1029734.0,1368672.0,338938.0,165183.0,1195359.0,1360542.0,96799.0,4294.0,0.0,5512.0,3500.0,8000.0,13000.0,22000.0,65000.0,-23907.18,-40672.55999999998,59215.0,36509.0,0.0,0.0,37380.0,0.0,-9983.6,18976.66000000001
К80,Июнь,6,319,AQ288,1228037.0,1625952.0,397915.0,256694.0,1092480.0,1349174.0,189545.0,3148.0,0.0,7986.0,5949.0,10384.0,13000.0,22000.0,65000.0,-21849.6,-47749.8,59215.0,36509.0,0.0,20000.0,46323.0,73000.0,-28535.54,-48798.939999999966
К80,Июль,7,376,AQ345,943615.0,1258680.0,315065.0,161493.0,1162433.0,1323926.0,43332.0,2627.0,0.0,7437.0,0.0,16311.0,13000.0,22000.0,65000.0,-23248.66,-37807.8,52635.0,26317.0,0.0,0.0,55864.0,0.0,-15878.5,-15623.959999999992
К80,Август,8,433,AQ402,1277262.0,1686923.0,409661.0,208364.0,1277565.0,1485929.0,125926.0,0.0,0.0,940.0,6048.0,8582.0,13000.0,25000.0,195000.0,-25551.3,-49159.31999999999,27329.0,14565.0,0.0,0.0,52500.0,0.0,-13438.04,-14463.659999999982
ПЗ1,Январь,1,34,AQ3,736347.0,1008581.0,272234.0,149480.0,859786.0,1009266.0,14956.0,17731.0,740.0,12133.0,6800.0,12630.0,13000.0,35000.0,95000.0,-17195.72,-32668.080000000005,52635.0,0.0,0.0,0.0,38200.0,0.0,-11182.6,-53008.4
ПЗ1,Февраль,2,91,AQ60,827404.0,1124096.0,296692.0,251343.0,1035676.0,1287019.0,4430.0,1269.0,-6025.0,0.0,603.0,9295.0,13000.0,35000.0,95000.0,-20713.520000000008,-35603.04,52634.0,26317.0,0.0,0.0,49500.0,0.0,-12934.9,-54574.46
ПЗ1,Март,3,148,AQ117,1230978.0,1646204.0,415226.0,252894.0,1259809.0,1512703.0,9036.0,4538.0,-2862.0,3632.0,0.0,10336.0,13000.0,0.0,95000.0,-25196.180000000004,-49827.12,52635.0,26317.0,0.0,0.0,55865.0,0.0,-14564.22,67947.48000000001
ПЗ1,Апрель,4,205,AQ174,1011792.0,1354079.0,342287.0,196654.0,1107533.0,1304187.0,13176.0,5678.0,3705.0,0.0,0.0,16789.0,13000.0,0.0,95000.0,-22150.66,-41074.44,89075.0,44537.0,0.0,0.0,22926.0,0.0,-8737.300000000001,-16680.40000000001
ПЗ1,Май,5,262,AQ231,1031826.0,1374559.0,342733.0,187845.0,1012427.0,1200272.0,139327.0,0.0,-3414.0,496.0,0.0,9432.0,13000.0,0.0,95000.0,-20248.54,-41127.960000000014,105270.0,52635.0,0.0,0.0,3360.0,0.0,-2814.24,-154.74000000002889
ПЗ1,Июнь,6,319,AQ288,1044484.0,1380243.0,335759.0,192560.0,1124330.0,1316890.0,31921.0,3258.0,0.0,400.0,0.0,12065.0,13000.0,0.0,95000.0,-22486.60000000001,-40291.08,105269.0,52634.0,0.0,0.0,0.0,0.0,-2654.3,-10898.979999999992
ПЗ1,Июль,7,376,AQ345,976488.0,1263046.0,286558.0,199000.0,1245568.0,1444568.0,24443.0,0.0,-13643.0,2950.0,0.0,18000.0,13000.0,0.0,95000.0,-24911.360000000004,-34386.96000000001,105269.0,52635.0,93608.0,46804.0,3000.0,0.0,-4620.0,-204676.32
ПЗ1,Август,8,433,AQ402,1344576.0,1792703.0,448127.0,315142.0,1230249.0,1545391.0,22381.0,0.0,6861.0,419.0,0.0,11277.0,13000.0,0.0,95000.0,-24604.980000000003,-53775.23999999999,52635.0,26318.0,0.0,0.0,29700.0,0.0,-9014.94,132801.84000000003
ПЗ2,Январь,1,34,AQ3,1185365.0,1626290.0,440925.0,279012.0,1275023.0,1554035.0,5236.0,3379.0,0.0,560.0,0.0,16313.0,13000.0,30000.0,100000.0,-25500.46,-52911.000000000015,52635.0,0.0,0.0,0.0,47500.0,0.0,-14038.86,85647.67999999998
ПЗ2,Февраль,2,91,AQ60,1281030.0,1765745.0,484715.0,299407.0,1422371.0,1721778.0,3065.0,1899.0,0.0,4803.0,0.0,9513.0,13000.0,30000.0,100000.0,-28447.42000000001,-58165.79999999999,52634.0,0.0,0.0,0.0,46700.0,0.0,-12366.86,131988.92000000004
ПЗ2,Март,3,148,AQ117,1155110.0,1586859.0,431749.0,236764.0,1310735.0,1547499.0,13022.0,11422.0,0.0,3484.0,0.0,8902.0,13000.0,30000.0,100000.0,-26214.700000000004,-51809.880000000005,0.0,13158.0,0.0,0.0,120000.0,0.0,-28358.44,28883.979999999985
ПЗ2,Апрель,4,205,AQ174,920429.0,1228685.0,308256.0,231734.0,1137039.0,1368773.0,16723.0,4281.0,0.0,1078.0,9034.0,14030.0,13000.0,50505.0,100000.0,-22740.78,-36990.72,0.0,13159.0,0.0,0.0,115622.0,0.0,-28523.44,-90595.94
ПЗ2,Май,5,262,AQ231,891549.0,1190332.0,298783.0,189605.0,1100724.0,1290329.0,33490.0,6890.0,3445.0,0.0,0.0,10538.0,13000.0,50500.0,100000.0,-22014.48,-35853.96,52635.0,26317.0,0.0,0.0,59300.0,0.0,-15364.36,-93629.8
ПЗ2,Июнь,6,319,AQ288,1128808.0,1496572.0,367764.0,229433.0,1220406.0,1449839.0,0.0,8835.0,0.0,0.0,0.0,14413.0,13000.0,50500.0,100000.0,-24408.12,-44131.68,52635.0,26317.0,0.0,0.0,48900.0,0.0,-13928.86,-29304.65999999999
ПЗ2,Июль,7,376,AQ345,1330130.0,1746157.0,416027.0,255691.0,1488164.0,1743855.0,5112.0,11242.0,-12965.0,2750.0,4170.0,17021.0,13000.0,50500.0,100000.0,-29763.279999999995,-49923.24,52635.0,26317.0,0.0,0.0,55700.0,0.0,-15998.62,-6073.13999999999
ПЗ2,Август,8,433,AQ402,1359635.0,1788518.0,428883.0,297597.0,1403059.0,1700656.0,15060.0,1019.0,-6681.0,0.0,0.0,12097.0,13000.0,50500.0,100000.0,-28061.179999999997,-51465.95999999999,26317.0,13159.0,0.0,0.0,55900.0,0.0,-14959.34,62404.52000000002
МИРА,Январь,1,34,AQ3,794523.0,1113018.0,318495.0,131438.0,896096.0,1027534.0,1604.0,10384.0,0.0,3853.0,6518.0,22956.0,13000.0,0.0,67000.0,-17921.920000000006,-38219.4,105270.0,0.0,0.0,0.0,0.0,0.0,-5050.32,38693.35999999999
МИРА,Февраль,2,91,AQ60,753718.0,1061288.0,307570.0,146382.0,993087.0,1139469.0,1145.0,0.0,-17008.0,6578.0,5500.0,17150.0,13000.0,0.0,67000.0,-19861.74,-36908.39999999999,105268.0,26317.0,0.0,0.0,0.0,0.0,-3773.0,18291.86000000001
МИРА,Март,3,148,AQ117,999228.0,1393524.0,394296.0,175051.0,1069453.0,1244504.0,0.0,6839.0,0.0,2406.0,0.0,15339.0,13000.0,0.0,67000.0,-21389.06,-47315.52,105270.0,52635.0,0.0,0.0,3363.0,0.0,-4114.44,58030.98000000001
МИРА,Апрель,4,205,AQ174,672668.0,919784.0,247116.0,158737.0,962394.0,1121131.0,8814.0,9792.0,0.0,3803.0,5600.0,31070.0,13000.0,0.0,67000.0,-19247.880000000005,-29653.92000000001,105270.0,52635.0,0.0,0.0,0.0,0.0,-6835.4,-87388.20000000001
МИРА,Май,5,262,AQ231,817885.0,1099708.0,281823.0,134169.0,871102.0,1005271.0,51351.0,0.0,0.0,9352.0,0.0,18169.0,13000.0,0.0,67000.0,-17422.04,-33818.76,92000.0,45999.0,93400.0,46700.0,27000.0,0.0,-9937.18,-182622.98
МИРА,Июнь,6,319,AQ288,720841.0,974060.0,253219.0,89903.0,873205.0,963108.0,2452.0,600.0,0.0,1420.0,2400.0,13003.0,13000.0,0.0,67000.0,-17464.100000000002,-30386.279999999995,52635.0,26317.0,0.0,0.0,52000.0,0.0,-14300.66,-33487.04000000001
МИРА,Июль,7,376,AQ345,801603.0,1070898.0,269295.0,151224.0,965834.0,1117058.0,956.0,329.0,-14364.0,1740.0,0.0,18824.0,13000.0,0.0,67000.0,-19316.68,-32315.400000000005,52635.0,26317.0,0.0,0.0,55900.0,0.0,-16439.28,-32781.36
МИРА,Август,8,433,AQ402,872000.0,1191119.0,319119.0,145484.0,988396.0,1133880.0,0.0,0.0,0.0,0.0,0.0,13584.0,13000.0,0.0,67000.0,-19767.92,-38294.27999999999,52635.0,26318.0,0.0,0.0,38200.0,0.0,-11392.48,38927.32000000002
МАК,Январь,1,34,AQ3,610675.0,865891.0,255216.0,123806.0,709116.0,832922.0,5935.0,315.0,0.0,2286.0,1600.0,21000.0,13000.0,0.0,75000.0,-14182.319999999998,-30625.92,26318.0,0.0,0.0,0.0,68000.0,0.0,-19580.0,-12805.240000000003
МАК,Февраль,2,91,AQ60,879256.0,1210892.0,331636.0,188270.0,1073960.0,1262230.0,886.0,16631.0,0.0,923.0,3680.0,15000.0,13000.0,0.0,75000.0,-21479.200000000004,-39796.31999999999,52634.0,26317.0,0.0,0.0,49300.0,0.0,-14146.0,8332.479999999981
МАК,Март,3,148,AQ117,955863.0,1336634.0,380771.0,220391.0,1095459.0,1315850.0,0.0,0.0,0.0,2824.0,1297.0,18784.0,13000.0,0.0,75000.0,-21909.18,-45692.51999999999,52635.0,26317.0,0.0,0.0,55865.0,0.0,-16422.78,55145.52000000002
МАК,Апрель,4,205,AQ174,733819.0,1015531.0,281712.0,174007.0,926914.0,1100921.0,455.0,0.0,0.0,980.0,1300.0,22055.0,13000.0,0.0,75000.0,-18538.28,-33805.44,52635.0,26316.0,0.0,0.0,52500.0,0.0,-16402.1,-28539.82
МАК,Май,5,262,AQ231,777026.0,1048582.0,271556.0,166210.0,852875.0,1019085.0,0.0,1959.0,0.0,1664.0,0.0,15345.0,13000.0,0.0,75000.0,-17057.500000000004,-32586.72,52635.0,26317.0,0.0,0.0,56000.0,0.0,-15695.9,-34040.12
МАК,Июнь,6,319,AQ288,600565.0,793921.0,193356.0,169070.0,678955.0,848025.0,0.0,0.0,0.0,4114.0,0.0,18855.0,13000.0,0.0,75000.0,-13579.1,-23202.72,52635.0,26317.0,0.0,0.0,55864.0,0.0,-16438.18,-101535.0
МАК,Июль,7,376,AQ345,625813.0,826829.0,201016.0,180807.0,726557.0,907364.0,1379.0,2549.0,0.0,613.0,2500.0,31893.0,13000.0,0.0,75000.0,-14531.14,-24121.919999999995,52635.0,26317.0,0.0,0.0,55865.0,93000.0,-39766.76,-227662.82
МАК,Август,8,433,AQ402,653894.0,879676.0,225782.0,126365.0,702100.0,828465.0,0.0,0.0,0.0,0.0,2500.0,12000.0,13000.0,0.0,75000.0,-14042.0,-27093.84,52635.0,26318.0,93414.0,46707.0,55900.0,0.0,-14938.0,-205265.84
ГС1,Январь,1,34,AQ3,1408907.0,1943858.0,534951.0,323320.0,1657629.0,1980949.0,14439.0,3087.0,0.0,1530.0,1400.0,39722.0,13000.0,25000.0,88500.0,-33152.579999999994,-64194.12,105270.0,0.0,0.0,0.0,63600.0,0.0,-22730.84,76694.45999999999
ГС1,Февраль,2,91,AQ60,1771768.0,2474087.0,702319.0,430425.0,2018694.0,2449119.0,7837.0,472.0,0.0,6732.0,900.0,15115.0,13000.0,25000.0,88500.0,-40373.88,-84278.27999999998,105268.0,52634.0,0.0,0.0,86100.0,0.0,-22267.3,169310.54000000004
ГС1,Март,3,148,AQ117,1551914.0,2119802.0,567888.0,428278.0,1803776.0,2232054.0,14926.0,0.0,0.0,3277.0,12000.0,14764.0,13000.0,25000.0,88500.0,-36075.51999999999,-68146.56,105270.0,52635.0,0.0,0.0,111642.0,0.0,-27809.32,25045.599999999984
ГС1,Апрель,4,205,AQ174,1689227.0,2290807.0,601580.0,380260.0,1868527.0,2248787.0,0.0,3859.0,0.0,1662.0,0.0,24533.0,13000.0,29915.0,88500.0,-37370.54,-72189.6,105270.0,52635.0,0.0,0.0,104720.0,0.0,-28435.66,41152.19999999998
ГС1,Май,5,262,AQ231,1531675.0,2055346.0,523671.0,421964.0,1744782.0,2166746.0,48919.0,255.0,0.0,605.0,0.0,16234.0,13000.0,30000.0,88500.0,-34895.64,-62840.52,105270.0,52635.0,0.0,0.0,58360.0,0.0,-16410.68,45270.15999999997
ГС1,Июнь,6,319,AQ288,1647620.0,2211764.0,564144.0,420803.0,1629178.0,2049981.0,62387.0,0.0,0.0,2304.0,0.0,21865.0,13000.0,30000.0,88500.0,-32583.56,-67697.28000000001,105270.0,52635.0,0.0,0.0,83083.0,0.0,-23088.56,46421.59999999998
ГС1,Июль,7,376,AQ345,1616780.0,2126134.0,509354.0,355052.0,1857354.0,2212406.0,160876.0,0.0,0.0,4216.0,0.0,33186.0,13000.0,30000.0,88500.0,-37147.08,-61122.48,52635.0,26317.0,94012.0,47006.0,136383.0,0.0,-37305.18000000001,-147259.74
ГС1,Август,8,433,AQ402,1848604.0,2447918.0,599314.0,385582.0,1901198.0,2286780.0,40725.0,0.0,0.0,0.0,5000.0,15182.0,13000.0,30000.0,88500.0,-38023.96000000001,-71917.68,33845.0,16922.0,0.0,0.0,174500.0,0.0,-41730.04,75693.31999999998
ГС2,Январь,1,34,AQ3,1013704.0,1356861.0,343157.0,271473.0,1148683.0,1420156.0,50122.0,619.0,0.0,0.0,0.0,15283.0,13000.0,43000.0,65000.0,-22973.66,-41178.84,61835.0,0.0,0.0,0.0,19100.0,0.0,-7564.26,53603.24
ГС2,Февраль,2,91,AQ60,1512037.0,2071375.0,559338.0,387766.0,1792892.0,2180658.0,28853.0,658.0,0.0,1856.0,0.0,7941.0,13000.0,43000.0,65000.0,-35857.84,-67120.56,61844.0,52634.0,0.0,0.0,62100.0,0.0,-15409.02,134773.58000000005
ГС2,Март,3,148,AQ117,1768790.0,2434799.0,666009.0,369812.0,1833469.0,2203281.0,38566.0,2258.0,0.0,2663.0,0.0,9630.0,13000.0,43000.0,65000.0,-36669.38,-79921.07999999999,61923.0,32896.0,0.0,0.0,47780.0,0.0,-12630.2,261301.34000000003
ГС2,Апрель,4,205,AQ174,1467564.0,1991797.0,524233.0,372235.0,1854518.0,2226753.0,13693.0,0.0,0.0,3271.0,8182.0,12552.0,13000.0,43000.0,65000.0,-37090.35999999999,-62907.95999999999,105270.0,52635.0,0.0,0.0,87080.0,0.0,-21919.04,23778.64000000005
ГС2,Май,5,262,AQ231,1648265.0,2201987.0,553722.0,320002.0,1743698.0,2063700.0,11278.0,0.0,0.0,1880.0,0.0,7002.0,13000.0,43000.0,65000.0,-34873.95999999999,-66446.63999999998,52635.0,26317.0,0.0,0.0,83900.0,0.0,-19998.44,141548.96000000002
ГС2,Июнь,6,319,AQ288,1789885.0,2409126.0,619241.0,358476.0,1931484.0,2289960.0,68038.0,0.0,0.0,2300.0,0.0,8976.0,13000.0,43000.0,65000.0,-38629.68000000001,-74308.91999999998,52635.0,26317.0,0.0,0.0,97922.0,0.0,-23517.56,175934.84000000003
ГС2,Июль,7,376,AQ345,1785208.0,2346006.0,560798.0,341400.0,2002014.0,2343414.0,22731.0,399.0,0.0,1080.0,14002.0,29590.0,13000.0,43000.0,65000.0,-40040.280000000006,-67295.76,26318.0,13159.0,93682.0,46841.0,126000.0,0.0,-34229.8,-37756.84000000004
ГС2,Август,8,433,AQ402,1567014.0,2084862.0,517848.0,290905.0,1865078.0,2155983.0,21434.0,0.0,0.0,905.0,0.0,11405.0,13000.0,43000.0,65000.0,-37301.56000000001,-62141.76,0.0,0.0,0.0,0.0,91000.0,0.0,-22529.1,172470.58
Н95,Январь,1,34,AQ3,989489.0,1366642.0,377153.0,331813.0,1194119.0,1525932.0,10141.0,4946.0,0.0,3242.0,0.0,79750.0,13000.0,0.0,40812.0,-23882.38,-45258.36000000001,52635.0,0.0,0.0,0.0,130600.0,0.0,-46277.0,-60007.74000000002
Н95,Февраль,2,91,AQ60,1342505.0,1874805.0,532300.0,409361.0,1484039.0,1893400.0,1127.0,148481.0,0.0,5981.0,945.0,104428.0,13000.0,0.0,40812.0,-29680.78,-63876.0,52634.0,52634.0,93000.0,0.0,143300.0,0.0,-54500.16,-264045.94
Н95,Март,3,148,AQ117,1648226.0,2289906.0,641680.0,430225.0,1687975.0,2118200.0,5334.0,16578.0,0.0,5832.0,0.0,84834.0,13000.0,73000.0,40812.0,-33759.5,-77001.6,122113.0,69084.0,0.0,0.0,88650.0,0.0,-38166.48,-15318.579999999973
Н95,Апрель,4,205,AQ174,1170595.0,1633300.0,462705.0,390436.0,1422892.0,1813328.0,0.0,5083.0,0.0,12460.0,7391.0,15977.0,13000.0,73000.0,40812.0,-28457.84,-55524.60000000001,100578.0,26317.0,0.0,0.0,128400.0,0.0,-31762.94,-56207.380000000034
Н95,Май,5,262,AQ231,1178537.0,1598791.0,420254.0,296164.0,1326774.0,1622938.0,5474.0,11394.0,0.0,6064.0,9435.0,9164.0,13000.0,73000.0,41000.0,-26535.48,-50430.47999999998,105270.0,52635.0,93600.0,46800.0,111800.0,0.0,-26612.08,-240987.04
Н95,Июнь,6,319,AQ288,1143399.0,1518358.0,374959.0,263263.0,1316737.0,1580000.0,1962.0,2011.0,0.0,5394.0,0.0,70663.0,13000.0,73000.0,41000.0,-26334.74,-44995.07999999999,52636.0,26317.0,0.0,0.0,160900.0,0.0,-50943.86,-186841.68
Н95,Июль,7,376,AQ345,1106935.0,1480310.0,373375.0,258894.0,1187552.0,1446446.0,6470.0,0.0,-6400.0,2403.0,8300.0,40394.0,13000.0,73000.0,40000.0,-23751.040000000005,-44804.99999999999,31442.0,10721.0,0.0,0.0,123245.0,77500.0,-53050.58,-157533.62
Н95,Август,8,433,AQ402,1458788.0,1971618.0,512830.0,311054.0,1472141.0,1783195.0,28927.0,0.0,0.0,590.0,0.0,20127.0,13000.0,73000.0,165000.0,-29442.820000000007,-61539.59999999999,59215.0,29607.0,0.0,0.0,145782.0,0.0,-36499.98,-120383.39999999998
РОС,Январь,1,34,AQ3,889018.0,1221718.0,332700.0,188381.0,910347.0,1098728.0,0.0,20607.0,0.0,0.0,0.0,14000.0,13000.0,45200.0,50000.0,-18206.94,-39924.00000000001,52635.0,0.0,0.0,0.0,37500.0,0.0,-11330.0,30297.06
РОС,Февраль,2,91,AQ60,1105120.0,1531933.0,426813.0,212633.0,1281532.0,1494165.0,0.0,40864.0,-4190.0,0.0,0.0,12268.0,13000.0,45200.0,50000.0,-25630.64,-51217.56,52634.0,26317.0,0.0,0.0,37700.0,0.0,-10992.96,60988.84000000002
РОС,Март,3,148,AQ117,1100225.0,1530732.0,430507.0,280865.0,1312357.0,1593222.0,12751.0,0.0,0.0,2165.0,0.0,11000.0,13000.0,45200.0,50000.0,-26247.14,-51660.84,52635.0,26316.0,0.0,0.0,55863.0,0.0,-14709.86,83875.15999999999
РОС,Апрель,4,205,AQ174,982441.0,1339080.0,356639.0,230833.0,1118039.0,1348872.0,0.0,36000.0,0.0,207.0,0.0,14786.0,13000.0,58706.0,50000.0,-22360.78,-42796.67999999999,105270.0,26317.0,0.0,0.0,10243.0,0.0,-5506.38,-28346.839999999997
РОС,Май,5,262,AQ231,942284.0,1272100.0,329816.0,224770.0,1086484.0,1311254.0,24667.0,2512.0,-3987.0,1451.0,0.0,9725.0,13000.0,59000.0,50000.0,-21729.68,-39577.92,105270.0,52635.0,93400.0,46700.0,5180.0,0.0,-3279.1000000000004,-172192.69999999998
РОС,Июнь,6,319,AQ288,873086.0,1192623.0,319537.0,217495.0,908194.0,1125689.0,45941.0,0.0,0.0,0.0,5000.0,24130.0,13000.0,59000.0,50000.0,-18163.880000000005,-38344.43999999999,52635.0,13158.0,0.0,0.0,39365.0,0.0,-13968.9,-2228.219999999994
РОС,Июль,7,376,AQ345,797895.0,1051200.0,253305.0,240295.0,872612.0,1112907.0,33283.0,0.0,0.0,5875.0,0.0,21430.0,13000.0,59000.0,50000.0,-17452.24,-30396.6,52635.0,26317.0,0.0,0.0,55883.0,0.0,-17008.86,-89817.7
РОС,Август,8,433,AQ402,860597.0,1152845.0,292248.0,174000.0,900467.0,1074467.0,27165.0,0.0,0.0,0.0,0.0,13000.0,13000.0,59000.0,50000.0,-18009.34,-35069.76,52635.0,13159.0,0.0,0.0,26200.0,0.0,-8624.0,3550.899999999994
С1,Январь,1,34,AQ3,1871148.0,2524005.0,652857.0,299065.0,2274919.0,2573984.0,72813.0,6775.0,-18690.0,8496.0,15393.0,49020.0,25000.0,35000.0,95000.0,-45498.38000000001,-78342.83999999998,118427.0,0.0,0.0,0.0,70700.0,0.0,-26338.4,102755.38000000003
С1,Февраль,2,91,AQ60,2341688.0,3158227.0,816539.0,387046.0,2720245.0,3107291.0,19539.0,9143.0,0.0,14773.0,2436.0,35526.0,25000.0,35000.0,95000.0,-54404.9,-97984.68,118427.0,59214.0,0.0,0.0,84900.0,0.0,-26493.72,175445.69999999998
С1,Март,3,148,AQ117,2265067.0,3105828.0,840761.0,346995.0,2809396.0,3156391.0,68412.0,9509.0,0.0,2565.0,574.0,37295.0,25000.0,35000.0,95000.0,-56187.92000000001,-100891.32,118428.0,85532.0,0.0,0.0,98600.0,0.0,-29896.9,149420.85999999996
С1,Апрель,4,205,AQ174,2228953.0,2964208.0,735255.0,340747.0,2643278.0,2984025.0,54212.0,2586.0,9851.0,10453.0,0.0,50172.0,25000.0,35000.0,95000.0,-52865.56,-88230.59999999998,118429.0,59214.0,0.0,0.0,88600.0,0.0,-30529.84,89628.00000000003
С1,Май,5,262,AQ231,2562236.0,3414673.0,852437.0,439662.0,2805224.0,3244886.0,62613.0,1965.0,0.0,4646.0,0.0,41910.0,25000.0,35000.0,95000.0,-56104.48000000001,-102292.44,118428.0,59214.0,93433.0,46716.0,40500.0,0.0,-18130.2,118743.88000000002
С1,Июнь,6,319,AQ288,2590187.0,3449321.0,859134.0,388783.0,2863959.0,3252742.0,88830.0,777.0,343068.0,5240.0,0.0,41883.0,25000.0,35000.0,95000.0,-57279.18,-103096.08,30702.0,12062.0,0.0,0.0,169000.0,0.0,-46394.26,242940.48
С1,Июль,7,376,AQ345,2462554.0,3212296.0,749742.0,404413.0,2937798.0,3342211.0,61566.0,3047.0,5013.0,2605.0,0.0,61313.0,20000.0,35000.0,95000.0,-58755.96000000001,-89969.04,7798.0,3899.0,0.0,0.0,195300.0,70000.0,-71854.86,37805.14
С1,Август,8,433,AQ402,2069581.0,2714648.0,645067.0,417864.0,2721756.0,3139620.0,36437.0,0.0,0.0,0.0,0.0,46664.0,20000.0,35000.0,95000.0,-54435.12,-77408.04000000001,49909.0,24954.0,0.0,0.0,152900.0,93500.0,-64474.08,-69177.24000000003
С3,Январь,1,34,AQ3,627331.0,843672.0,216341.0,113372.0,805834.0,919206.0,2320.0,538.0,0.0,4235.0,3000.0,25000.0,25000.0,23000.0,34000.0,-16116.68,-25960.92,52635.0,0.0,0.0,0.0,41400.0,0.0,-14608.0,-41917.59999999999
С3,Февраль,2,91,AQ60,922931.0,1271932.0,349001.0,117132.0,1092170.0,1209302.0,1840.0,0.0,0.0,3141.0,0.0,20132.0,25000.0,23000.0,34000.0,-21843.40000000001,-41880.12,52634.0,26317.0,93000.0,46500.0,43400.0,0.0,-13977.04,-92682.56000000004
С3,Март,3,148,AQ117,824423.0,1124776.0,300353.0,151000.0,1091557.0,1242557.0,0.0,0.0,0.0,1200.0,0.0,19000.0,25000.0,23000.0,34000.0,-21831.14,-36042.35999999999,0.0,0.0,0.0,0.0,108500.0,0.0,-28050.0,4929.5
С3,Апрель,4,205,AQ174,714600.0,956997.0,242397.0,155384.0,780172.0,935556.0,2366.0,0.0,-9851.0,1398.0,0.0,27384.0,25000.0,23000.0,34000.0,-15603.44,-29087.64,14170.0,7085.0,0.0,0.0,105000.0,0.0,-29124.48,-67057.56
С3,Май,5,262,AQ231,765594.0,1029517.0,263923.0,141000.0,916075.0,1057075.0,0.0,0.0,0.0,810.0,0.0,19000.0,20000.0,23000.0,34000.0,-18321.5,-31670.76,10543.0,5271.0,0.0,0.0,98000.0,0.0,-25740.0,-21623.259999999995
С3,Июнь,6,319,AQ288,694892.0,924386.0,229494.0,142336.0,1051780.0,1194116.0,0.0,0.0,310300.0,2932.0,8505.0,23435.0,20000.0,23000.0,34000.0,-21035.60000000001,-27539.28,52635.0,26317.0,0.0,0.0,52365.0,0.0,-16676.0,-67508.88
С3,Июль,7,376,AQ345,785187.0,1023442.0,238255.0,116311.0,982802.0,1099113.0,0.0,1036.0,0.0,0.0,0.0,38111.0,20000.0,23000.0,34000.0,-19656.04,-28590.6,52635.0,26317.0,0.0,0.0,55900.0,93000.0,-41142.42,-195133.06
С3,Август,8,433,AQ402,736458.0,974738.0,238280.0,75727.0,1042299.0,1118026.0,4469.0,0.0,0.0,0.0,0.0,38682.0,20000.0,23000.0,34000.0,-20845.98,-28593.6,52635.0,26318.0,0.0,0.0,55900.0,0.0,-20808.04,-82502.62
ПОЛ,Январь,1,34,AQ3,1630157.0,2256137.0,625980.0,209721.0,1726052.0,1935773.0,18358.0,859.0,0.0,4776.0,0.0,17422.0,48000.0,0.0,51300.0,-34521.04000000001,-75117.6,52635.0,0.0,0.0,0.0,41283.0,0.0,-12915.1,291927.26
ПОЛ,Февраль,2,91,AQ60,1496731.0,2071995.0,575264.0,213900.0,1886600.0,2100500.0,2679.0,1792.0,0.0,7337.0,0.0,14035.0,48000.0,0.0,51300.0,-37732.00000000001,-69031.68,52634.0,26317.0,0.0,0.0,46200.0,0.0,-13251.7,214970.62
ПОЛ,Март,3,148,AQ117,1511579.0,2316916.0,805337.0,265653.0,1918415.0,2184068.0,28940.0,5478.0,0.0,910.0,0.0,10788.0,48000.0,0.0,51300.0,-38368.29999999999,-96640.44,52634.0,26316.0,0.0,0.0,55780.0,0.0,-14644.96,405387.3
ПОЛ,Апрель,4,205,AQ174,1600118.0,2159429.0,559311.0,235188.0,1881290.0,2116478.0,12548.0,1186.0,0.0,8129.0,0.0,18323.0,48000.0,0.0,51300.0,-37625.80000000001,-67117.31999999999,52635.0,26317.0,0.0,0.0,69419.0,0.0,-19303.24,168084.64
ПОЛ,Май,5,262,AQ231,1477845.0,1988896.0,511051.0,235984.0,1761341.0,1997325.0,84654.0,8292.0,0.0,4411.0,0.0,13496.0,36000.0,0.0,51300.0,-35226.82000000001,-61326.12,52635.0,26317.0,0.0,0.0,55863.0,0.0,-15258.98,155336.08
ПОЛ,Июнь,6,319,AQ288,1235171.0,1667506.0,432335.0,197494.0,1569259.0,1766753.0,49678.0,1015.0,0.0,2144.0,0.0,11629.0,24000.0,0.0,51300.0,-31385.18,-51880.2,52635.0,26317.0,0.0,0.0,52383.0,0.0,-14082.64,115707.98
ПОЛ,Июль,7,376,AQ345,1523476.0,1995646.0,472170.0,219655.0,1654427.0,1874082.0,41141.0,12003.0,0.0,185.0,0.0,22292.0,24000.0,0.0,51300.0,-33088.54,-56660.4,52634.0,26316.0,93608.0,46804.0,56864.0,0.0,-17414.32,-20814.259999999944
ПОЛ,Август,8,433,AQ402,1531611.0,2012729.0,481118.0,206041.0,1700377.0,1906418.0,105788.0,0.0,2868.0,0.0,0.0,5858.0,24000.0,0.0,51300.0,-34007.54,-57734.16,0.0,0.0,0.0,0.0,104500.0,0.0,-24278.76,179439.54000000004
СНЕЖ,Январь,1,34,AQ3,1283337.0,1784593.0,501256.0,141409.0,1334051.0,1475460.0,15562.0,0.0,0.0,15380.0,0.0,18557.0,48000.0,30000.0,5000.0,-26681.02,-60150.72,105270.0,0.0,0.0,0.0,3400.0,0.0,-4830.54,199366.72
СНЕЖ,Февраль,2,91,AQ60,1240888.0,1728674.0,487786.0,138181.0,1507223.0,1645404.0,15011.0,730.0,0.0,15121.0,0.0,12001.0,48000.0,30000.0,5000.0,-30144.46,-58534.32,105268.0,52634.0,0.0,0.0,0.0,0.0,-2640.22,142833.99999999997
СНЕЖ,Март,3,148,AQ117,1215772.0,1668886.0,453114.0,110430.0,1588233.0,1698663.0,422.0,3678.0,0.0,1173.0,4925.0,11830.0,48000.0,30000.0,5000.0,-31764.66,-54373.67999999999,105270.0,52635.0,0.0,0.0,3263.0,0.0,-3320.46,103979.20000000004
СНЕЖ,Апрель,4,205,AQ174,1155081.0,1544270.0,389189.0,137566.0,1454534.0,1592100.0,0.0,12578.0,0.0,5936.0,0.0,18166.0,48000.0,26830.0,5000.0,-29090.68,-46702.67999999999,105270.0,52635.0,0.0,0.0,0.0,0.0,-3996.52,40920.12000000002
СНЕЖ,Май,5,262,AQ231,989076.0,1328989.0,339913.0,106850.0,1320953.0,1427803.0,12809.0,0.0,0.0,10201.0,37971.0,12150.0,36000.0,30000.0,5000.0,-26419.06,-40789.56,105270.0,52635.0,92400.0,46200.0,0.0,0.0,-2673.0,-109623.62
СНЕЖ,Июнь,6,319,AQ288,1057628.0,1414466.0,356838.0,129860.0,1219533.0,1349393.0,639.0,3872.0,0.0,1249.0,33500.0,14400.0,24000.0,30000.0,5000.0,-24390.66,-42820.56,52635.0,26316.0,0.0,0.0,52400.0,0.0,-14696.0,66307.78
СНЕЖ,Июль,7,376,AQ345,951474.0,1237034.0,285560.0,157993.0,1280700.0,1438693.0,13771.0,537.0,0.0,1358.0,0.0,21493.0,24000.0,30000.0,5000.0,-25614.0,-34267.2,52639.0,26319.0,0.0,0.0,37700.0,0.0,-13022.46,14968.33999999999
СНЕЖ,Август,8,433,AQ402,1054650.0,1398383.0,343733.0,126100.0,1144365.0,1270465.0,1202.0,2467.0,0.0,2341.0,0.0,13800.0,24000.0,30000.0,5000.0,-22887.3,-41247.96,52635.0,26318.0,0.0,0.0,29700.0,0.0,-9570.0,86107.74000000002
ЗАО,Январь,1,34,AQ3,962310.0,1323634.0,361324.0,108884.0,1159122.0,1268006.0,2337.0,0.0,0.0,7273.0,4348.0,14000.0,48000.0,25000.0,5000.0,-23182.44,-43358.880000000005,105270.0,0.0,0.0,0.0,0.0,0.0,-3080.0,94432.68
ЗАО,Февраль,2,91,AQ60,1064038.0,1450285.0,386247.0,70620.0,1370780.0,1441400.0,0.0,0.0,0.0,1800.0,0.0,9294.0,48000.0,25000.0,5000.0,-27415.6,-46349.64,105268.0,52634.0,0.0,0.0,0.0,0.0,-2044.68,65241.08000000001
ЗАО,Март,3,148,AQ117,1102430.0,1531601.0,429171.0,89788.0,1415528.0,1505316.0,2938.0,0.0,0.0,523.0,10030.0,9288.0,48000.0,25000.0,5000.0,-28310.56,-51500.52,105270.0,52635.0,0.0,0.0,3230.0,0.0,-2753.96,98182.96
ЗАО,Апрель,4,205,AQ174,849939.0,1215545.0,365606.0,81682.0,1246527.0,1328209.0,5872.0,0.0,0.0,2063.0,0.0,18000.0,48000.0,25000.0,5000.0,-24930.540000000008,-43872.72,105270.0,52635.0,0.0,0.0,0.0,0.0,-3960.0,38937.73999999999
ЗАО,Май,5,262,AQ231,990257.0,1329107.0,338850.0,113812.0,1160721.0,1274533.0,17256.0,0.0,0.0,0.0,0.0,10012.0,24000.0,25000.0,5000.0,-23214.42,-40662.0,105270.0,52635.0,93400.0,46700.0,3200.0,0.0,-2906.64,-93150.05999999998
ЗАО,Июнь,6,319,AQ288,1062717.0,1411425.0,348708.0,83692.0,1198460.0,1282152.0,0.0,0.0,-5780.0,4084.0,0.0,8000.0,24000.0,25000.0,5000.0,-23969.2,-41844.95999999999,52635.0,26317.0,93064.0,46532.0,28367.0,0.0,-8000.74,-34021.9
ЗАО,Июль,7,376,AQ345,956591.0,1254825.0,298234.0,84882.0,1251456.0,1336338.0,0.0,2778.0,0.0,0.0,2284.0,18200.0,24000.0,25000.0,5000.0,-25029.12,-35788.08,66281.0,33140.0,93468.0,46734.0,28000.0,0.0,-10164.0,-115348.2
ЗАО,Август,8,433,AQ402,975877.0,1304604.0,328727.0,73081.0,1029879.0,1102960.0,1544.0,0.0,0.0,0.0,0.0,12545.0,24000.0,25000.0,5000.0,-20597.58,-39447.240000000005,52635.0,26318.0,0.0,0.0,52718.0,0.0,-14357.86,56108.31999999999
ЗАП,Январь,1,34,AQ3,1863710.0,2595391.0,731681.0,269030.0,2546581.0,2815611.0,18887.0,0.0,0.0,9664.0,26260.0,29000.0,48000.0,30000.0,95600.0,-50931.62,-87801.71999999999,100884.0,0.0,0.0,0.0,43800.0,0.0,-16016.0,229647.66000000003
ЗАП,Февраль,2,91,AQ60,2234771.0,3043813.0,809042.0,335974.0,2833978.0,3169952.0,2952.0,0.0,0.0,927.0,17019.0,29254.0,48000.0,30000.0,95000.0,-56679.560000000005,-97085.03999999998,105268.0,52634.0,0.0,0.0,67800.0,0.0,-21351.88,205969.52
ЗАП,Март,3,148,AQ117,2197071.0,2989642.0,792571.0,319238.0,2724038.0,3043276.0,1972.0,0.0,-2549.0,1850.0,814.0,31600.0,48000.0,30000.0,95000.0,-54480.76000000001,-95108.52,145273.0,72636.0,0.0,0.0,72300.0,0.0,-22858.0,125314.71999999996
ЗАП,Апрель,4,205,AQ174,2434519.0,3324190.0,889671.0,328762.0,2788084.0,3116846.0,35650.0,0.0,0.0,24605.0,3700.0,30591.0,48000.0,26482.0,95000.0,-55761.67999999999,-106760.52,139684.0,69844.0,0.0,0.0,41853.0,0.0,-15937.68,259757.12000000005
ЗАП,Май,5,262,AQ231,1972580.0,2639104.0,666524.0,280166.0,2237930.0,2518096.0,207139.0,12097.0,0.0,4200.0,576.0,21616.0,60000.0,35000.0,95000.0,-44758.6,-79982.87999999999,52635.0,26317.0,0.0,0.0,38400.0,0.0,-13203.52,187514.00000000003
ЗАП,Июнь,6,319,AQ288,1626399.0,2173424.0,547025.0,234035.0,1959374.0,2193409.0,0.0,489.0,3200.0,0.0,790.0,28557.0,24000.0,35000.0,95000.0,-39187.48,-65643.0,56846.0,13158.0,54035.0,27018.0,101400.0,0.0,-28590.54,-21899.019999999982
ЗАП,Июль,7,376,AQ345,1984219.0,2626740.0,642521.0,339780.0,2218302.0,2558082.0,2871.0,524.0,0.0,0.0,0.0,44280.0,24000.0,35000.0,95000.0,-44366.03999999999,-77102.51999999999,62382.0,13158.0,0.0,0.0,38400.0,0.0,-18189.6,190118.84000000003
ЗАП,Август,8,433,AQ402,2201535.0,2934398.0,732863.0,332272.0,2189495.0,2521767.0,31108.0,290.0,0.0,0.0,3100.0,33072.0,24000.0,35000.0,95000.0,-43789.9,-87943.56,52635.0,26317.0,0.0,0.0,66400.0,0.0,-21883.84,246531.7
НИК,Январь,1,34,AQ3,1025951.0,1387664.0,361713.0,160307.0,1127804.0,1288111.0,37323.0,222.0,0.0,9140.0,0.0,14907.0,48000.0,30000.0,95000.0,-22556.08,-43405.56,105270.0,0.0,0.0,0.0,0.0,0.0,-3279.54,-927.1799999999848
НИК,Февраль,2,91,AQ60,1086964.0,1476402.0,389438.0,186916.0,1277127.0,1464043.0,5937.0,239.0,0.0,9136.0,0.0,12000.0,48000.0,30000.0,95000.0,-25542.54,-46732.56,105268.0,52634.0,0.0,0.0,0.0,0.0,-2640.0,-28618.10000000001
НИК,Март,3,148,AQ117,1159408.0,1566145.0,406737.0,209400.0,1424110.0,1633510.0,5138.0,0.0,0.0,1926.0,0.0,58000.0,48000.0,30000.0,95000.0,-28482.2,-48808.44,105268.0,52634.0,0.0,0.0,3400.0,0.0,-13508.0,-76363.64000000001
НИК,Апрель,4,205,AQ174,910883.0,1254541.0,343658.0,154296.0,1070050.0,1224346.0,43751.0,0.0,0.0,1273.0,0.0,11046.0,48000.0,30979.0,95000.0,-21401.000000000004,-41238.96,105270.0,52635.0,93665.0,46832.0,0.0,0.0,-2430.12,-204839.08
НИК,Май,5,262,AQ231,795014.0,1064117.0,269103.0,132195.0,843138.0,975333.0,34444.0,0.0,-10000.0,1280.0,0.0,595.0,24000.0,35000.0,95000.0,-16862.760000000002,-32292.36,52635.0,26317.0,93600.0,46800.0,38300.0,0.0,-8556.9,-200856.02
НИК,Июнь,6,319,AQ288,748124.0,1006553.0,258429.0,206793.0,827761.0,1034554.0,48638.0,0.0,0.0,5983.0,0.0,1693.0,24000.0,35000.0,95000.0,-16555.219999999998,-31011.48,10527.0,0.0,0.0,0.0,91200.0,0.0,-20436.46,-66994.16
НИК,Июль,7,376,AQ345,916168.0,1189361.0,273193.0,159612.0,880240.0,1039852.0,10162.0,0.0,0.0,0.0,0.0,13242.0,24000.0,35000.0,95000.0,-17604.800000000003,-32783.16,76808.0,33140.0,0.0,0.0,42800.0,0.0,-12329.24,-109514.2
НИК,Август,8,433,AQ402,751820.0,998093.0,246273.0,145860.0,861684.0,1007544.0,29828.0,0.0,0.0,5000.0,2500.0,560.0,24000.0,35000.0,95000.0,-17233.679999999997,-29552.76,105271.0,52636.0,0.0,0.0,3400.0,0.0,-871.2,-117251.63999999998
ОЛЕ,Январь,1,34,AQ3,2136094.0,2949829.0,813735.0,388970.0,2799112.0,3188082.0,5701.0,1078.0,0.0,10697.0,29057.0,59058.0,39000.0,0.0,30750.0,-55982.24,-97648.2,184222.0,0.0,0.0,0.0,0.0,0.0,-12992.759999999998,333003.80000000005
ОЛЕ,Февраль,2,91,AQ60,2856149.0,3915739.0,1059590.0,456885.0,3253321.0,3710206.0,14593.0,1209.0,0.0,3947.0,867.0,46699.0,39000.0,0.0,30750.0,-65066.420000000006,-127150.8,157902.0,78951.0,0.0,0.0,0.0,0.0,-10273.78,502587.9999999999
ОЛЕ,Март,3,148,AQ117,2613646.0,3602886.0,989240.0,459587.0,3006283.0,3465870.0,13394.0,5502.0,-2835.0,2932.0,12300.0,47499.0,39000.0,0.0,30750.0,-60125.66,-118708.8,157905.0,78952.0,0.0,0.0,45085.0,0.0,-20368.48,385344.06000000006
ОЛЕ,Апрель,4,205,AQ174,2279240.0,3099226.0,819986.0,493608.0,2736807.0,3230415.0,0.0,6501.0,0.0,2400.0,0.0,70750.0,39000.0,0.0,30750.0,-54736.140000000014,-98398.32,176522.0,88261.0,0.0,0.0,3363.0,0.0,-16304.86,235399.68
ОЛЕ,Май,5,262,AQ231,2518718.0,3398131.0,879413.0,437714.0,2861391.0,3299105.0,33078.0,6628.0,0.0,7308.0,0.0,45349.0,17000.0,0.0,30750.0,-57227.82,-105529.56,210540.0,105270.0,93400.0,46700.0,6700.0,0.0,-11450.78,142867.8400000001
ОЛЕ,Июнь,6,319,AQ288,2536515.0,3418913.0,882398.0,452350.0,2883928.0,3336278.0,420.0,1953.0,0.0,1956.0,0.0,48552.0,17000.0,35000.0,30750.0,-57678.56,-105887.76,131588.0,26317.0,0.0,0.0,44122.0,0.0,-20388.28,363161.3999999999
ОЛЕ,Июль,7,376,AQ345,2286724.0,3095428.0,808704.0,448193.0,2695283.0,3143476.0,16921.0,3819.0,0.0,8038.0,-5933.0,71889.0,17000.0,35000.0,30750.0,-53905.66,-97044.48,118916.0,59458.0,93414.0,46707.0,98084.0,0.0,-37394.06,45322.79999999999
ОЛЕ,Август,8,433,AQ402,2724103.0,3675910.0,951807.0,509466.0,2945068.0,3454534.0,26699.0,900.0,0.0,0.0,0.0,57685.0,17000.0,35000.0,30750.0,-58901.35999999999,-114216.83999999998,95149.0,47574.0,0.0,0.0,49452.0,0.0,-23570.14,421608.66
МОН,Январь,1,34,AQ3,1470825.0,1994164.0,523339.0,215090.0,1510461.0,1725551.0,58485.0,0.0,0.0,3834.0,19364.0,28000.0,39000.0,75000.0,75000.0,-30209.22,-62800.68000000001,84216.0,0.0,0.0,0.0,10200.0,0.0,-8404.0,110509.10000000003
МОН,Февраль,2,91,AQ60,1441502.0,1992159.0,550657.0,265150.0,1734583.0,1999733.0,6699.0,1499.0,0.0,11821.0,0.0,28000.0,39000.0,75000.0,75000.0,-34691.66,-66078.84,105268.0,52634.0,0.0,0.0,57900.0,0.0,-18898.0,-3312.500000000029
МОН,Март,3,148,AQ117,1552802.0,2128822.0,576020.0,317650.0,1869624.0,2187274.0,2369.0,0.0,2835.0,2415.0,14458.0,22000.0,39000.0,75000.0,75000.0,-37392.48,-69122.4,105270.0,52635.0,93785.0,46892.0,62600.0,0.0,-18612.0,-121288.87999999998
МОН,Апрель,4,205,AQ174,2041399.0,2733958.0,692559.0,390400.0,2313815.0,2704215.0,1739.0,0.0,0.0,4092.0,0.0,28650.0,39000.0,76000.0,75000.0,-46276.29999999999,-83107.08,52635.0,26317.0,0.0,0.0,99000.0,0.0,-28083.0,138490.62
МОН,Май,5,262,AQ231,1438885.0,1920322.0,481437.0,262500.0,1683340.0,1945840.0,16571.0,6482.0,-9815.0,2938.0,0.0,61000.0,17000.0,76000.0,75000.0,-33666.8,-57772.44,65794.0,32896.0,0.0,0.0,94150.0,0.0,-34133.0,-72457.23999999999
МОН,Июнь,6,319,AQ288,1381682.0,1869111.0,487429.0,249100.0,1547987.0,1797087.0,0.0,0.0,0.0,949.0,0.0,19750.0,17000.0,76000.0,75000.0,-30959.740000000005,-58491.48,105269.0,52635.0,0.0,0.0,58800.0,0.0,-17281.0,-23757.21999999997
МОН,Июль,7,376,AQ345,1397843.0,1832971.0,435128.0,247100.0,1539879.0,1786979.0,9695.0,0.0,-9052.0,0.0,0.0,31200.0,17000.0,76000.0,75000.0,-30797.58,-52215.35999999999,105269.0,52635.0,91452.0,45726.0,55600.0,0.0,-19096.0,-216862.94
МОН,Август,8,433,AQ402,1459250.0,1950616.0,491366.0,267150.0,1515724.0,1782874.0,1497.0,0.0,0.0,0.0,0.0,23400.0,17000.0,76000.0,75000.0,-30314.48,-58963.92,52635.0,26317.0,0.0,0.0,97800.0,0.0,-26664.0,7271.600000000035
А1,Январь,1,34,AQ3,2642566.0,3641787.0,999221.0,679100.0,2919403.0,3598503.0,2140.0,0.0,0.0,13840.0,13650.0,82100.0,39000.0,30000.0,145000.0,-58388.06000000001,-119906.52,78953.0,0.0,0.0,0.0,117100.0,0.0,-43824.0,284949.4199999999
А1,Февраль,2,91,AQ60,2609239.0,3669215.0,1059976.0,656200.0,3078853.0,3735053.0,2465.0,0.0,0.0,2120.0,7680.0,36500.0,39000.0,35000.0,145000.0,-61577.06,-127197.12,105268.0,52634.0,0.0,0.0,71800.0,0.0,-23826.0,362173.82
А1,Март,3,148,AQ117,3314033.0,4616909.0,1302876.0,808100.0,3680347.0,4488447.0,4863.0,739.0,0.0,6330.0,3600.0,36000.0,39000.0,35000.0,145000.0,-73606.94000000002,-156345.11999999997,101059.0,50529.0,0.0,0.0,116000.0,0.0,-33440.0,516156.94
А1,Апрель,4,205,AQ174,2687145.0,3684337.0,997192.0,717950.0,3025190.0,3743140.0,896.0,649.0,0.0,3652.0,1850.0,47700.0,39000.0,26655.0,145000.0,-60503.8,-119663.04,121961.0,59346.0,0.0,0.0,68040.0,0.0,-25462.8,283211.3599999999
А1,Май,5,262,AQ231,2173534.0,2960341.0,786807.0,568200.0,2533179.0,3101379.0,5824.0,0.0,0.0,4708.0,0.0,36000.0,17000.0,30000.0,145000.0,-50663.58,-94416.84,115436.0,57717.0,0.0,0.0,58700.0,0.0,-20834.0,161039.57999999996
А1,Июнь,6,319,AQ288,2388698.0,3265476.0,876778.0,600700.0,2520511.0,3121211.0,2059.0,279.0,0.0,2822.0,6754.0,25700.0,17000.0,30000.0,145000.0,-50410.22,-105213.36,67144.0,15352.0,0.0,0.0,111100.0,0.0,-30096.0,279483.42000000004
А1,Июль,7,376,AQ345,2640040.0,3581087.0,941047.0,594400.0,2921898.0,3516298.0,829.0,3455.0,0.0,0.0,5960.0,59700.0,17000.0,30000.0,145000.0,-58437.96000000001,-112925.63999999998,105271.0,52636.0,92541.0,46270.0,111800.0,0.0,-37730.0,68280.40000000002
А1,Август,8,433,AQ402,2194029.0,2954085.0,760056.0,553300.0,2447391.0,3000691.0,1600.0,748.0,9795.0,0.0,0.0,36000.0,17000.0,30000.0,145000.0,-48947.81999999999,-91206.72,52635.0,26318.0,93005.0,46502.0,107500.0,0.0,-31570.0,33623.46000000002
А2,Январь,1,34,AQ3,3660377.0,5086306.0,1425929.0,888664.0,4582928.0,5471592.0,11409.0,0.0,0.0,12355.0,20473.0,31500.0,39000.0,46000.0,190000.0,-91658.56,-171111.47999999998,105270.0,0.0,0.0,0.0,119600.0,0.0,-33242.0,598546.96
А2,Февраль,2,91,AQ60,4269961.0,5930539.0,1660578.0,912507.0,4846329.0,5758836.0,17916.0,10580.0,-9935.0,20828.0,14243.0,25080.0,39000.0,75000.0,190000.0,-96926.58,-199269.36,105268.0,52634.0,0.0,0.0,136600.0,0.0,-35569.6,694650.46
А2,Март,3,148,AQ117,4743828.0,6522730.0,1778902.0,1022479.0,5694812.0,6717291.0,0.0,798.0,0.0,3916.0,17489.0,25361.0,39000.0,75000.0,190000.0,-113896.24,-213468.24,105270.0,26317.0,0.0,0.0,176880.0,0.0,-44493.02,768418.5
А2,Апрель,4,205,AQ174,4847759.0,6567967.0,1720208.0,1200182.0,5471937.0,6672119.0,5642.0,9221.0,0.0,7182.0,9300.0,31500.0,39000.0,37135.0,190000.0,-109438.74,-206424.96,105270.0,52635.0,0.0,0.0,175450.0,0.0,-45529.0,718604.3
А2,Май,5,262,AQ231,3580518.0,4858921.0,1278403.0,788098.0,3926299.0,4714397.0,0.0,0.0,0.0,4494.0,4000.0,26606.0,17000.0,37500.0,190000.0,-78525.98,-153408.36000000002,105270.0,52635.0,0.0,0.0,45900.0,0.0,-15951.319999999998,555606.3400000001
А2,Июнь,6,319,AQ288,3778392.0,5109829.0,1331437.0,882911.0,3857813.0,4740724.0,20962.0,13417.0,0.0,578.0,12503.0,28628.0,17000.0,37500.0,190000.0,-77156.26000000001,-159772.44,105270.0,52635.0,0.0,0.0,93854.0,0.0,-26946.04,529258.26
А2,Июль,7,376,AQ345,3800008.0,5078431.0,1278423.0,896969.0,4302705.0,5199674.0,3555.0,0.0,0.0,0.0,0.0,83615.0,17000.0,37500.0,190000.0,-86054.1,-153410.76,76928.0,0.0,93413.0,46707.0,141500.0,0.0,-49525.3,302769.84
А2,Август,8,433,AQ402,4210242.0,5655521.0,1445279.0,894424.0,4462623.0,5357047.0,34539.0,0.0,0.0,779.0,0.0,64124.0,17000.0,37500.0,190000.0,-89252.46,-173433.48,54060.0,26318.0,93415.0,6708.0,213762.0,0.0,-61134.92,418571.1400000001
А3,Январь,1,34,AQ3,1407751.0,1949255.0,541504.0,336651.0,1570202.0,1906853.0,23666.0,35433.0,0.0,6000.0,1095.0,14000.0,39000.0,31000.0,170000.0,-31404.04,-64980.48,52635.0,0.0,0.0,0.0,48682.0,0.0,-13790.04,40579.43999999998
А3,Февраль,2,91,AQ60,1315746.0,1815107.0,499361.0,370538.0,1504255.0,1874793.0,0.0,0.0,0.0,18365.0,0.0,12256.0,39000.0,45000.0,170000.0,-30085.1,-59923.32000000001,0.0,0.0,0.0,0.0,77000.0,0.0,-19636.32,46460.25999999999
А3,Март,3,148,AQ117,1608972.0,2214340.0,605368.0,378100.0,1760486.0,2138586.0,1641.0,2688.0,0.0,0.0,10466.0,9500.0,39000.0,45000.0,170000.0,-35209.72000000001,-72644.15999999999,0.0,0.0,0.0,0.0,94500.0,0.0,-22880.0,113946.12
А3,Апрель,4,205,AQ174,1736386.0,2354335.0,617949.0,431318.0,1977511.0,2408829.0,716.0,0.0,0.0,3161.0,613.0,12000.0,39000.0,33741.0,170000.0,-39550.22,-74153.87999999998,0.0,0.0,0.0,0.0,107500.0,0.0,-26290.0,115713.90000000004
А3,Май,5,262,AQ231,1075431.0,1444671.0,369240.0,303951.0,1205256.0,1509207.0,19477.0,936.0,0.0,1089.0,0.0,9151.0,17000.0,34000.0,170000.0,-24105.12,-44308.8,0.0,0.0,0.0,0.0,56000.0,0.0,-14333.22,-594.139999999983
А3,Июнь,6,319,AQ288,1061384.0,1430769.0,369385.0,270791.0,1022800.0,1293591.0,0.0,0.0,0.0,0.0,0.0,6491.0,17000.0,34000.0,0.0,-20456.0,-44326.2,0.0,0.0,0.0,0.0,101500.0,0.0,-23758.02,121853.77999999998
А3,Июль,7,376,AQ345,820025.0,1090571.0,270546.0,259398.0,967935.0,1227333.0,5723.0,0.0,0.0,0.0,3064.0,20398.0,17000.0,34000.0,0.0,-19358.7,-32465.52,0.0,0.0,0.0,0.0,98000.0,0.0,-26047.56,23276.22
А3,Август,8,433,AQ402,1148713.0,1536528.0,387815.0,313333.0,1079114.0,1392447.0,2132.0,0.0,0.0,0.0,0.0,12933.0,17000.0,34000.0,0.0,-21582.28,-46537.8,0.0,0.0,0.0,0.0,108500.0,0.0,-26715.26,120546.65999999996
КИР1,Январь,1,34,AQ3,4235487.0,5833963.0,1598476.0,861750.0,4615755.0,5477505.0,11743.0,0.0,-65172.0,15940.0,21951.0,62500.0,39000.0,0.0,210000.0,-92315.10000000003,-191817.12,0.0,0.0,0.0,0.0,246400.0,0.0,-67958.0,688485.7799999999
КИР1,Февраль,2,91,AQ60,4740613.0,6406522.0,1665909.0,978300.0,5294169.0,6272469.0,0.0,1434.0,0.0,6586.0,0.0,57000.0,39000.0,0.0,210000.0,-105883.38000000002,-199909.08,0.0,26317.0,0.0,0.0,294000.0,0.0,-77220.0,655145.5399999998
КИР1,Март,3,148,AQ117,6643629.0,8955930.0,2312301.0,1176080.0,7988469.0,9164549.0,12131.0,3734.0,7625.0,5850.0,5387.0,60580.0,39000.0,0.0,210000.0,-159769.38000000006,-277476.12,0.0,52634.0,0.0,0.0,424000.0,0.0,-106607.6,978499.9
КИР1,Апрель,4,205,AQ174,7427822.0,9931214.0,2503392.0,1433850.0,8610125.0,10043975.0,0.0,0.0,0.0,4847.0,0.0,27950.0,39000.0,0.0,210000.0,-172202.49999999997,-300407.04000000004,0.0,52634.0,0.0,0.0,464000.0,0.0,-108229.0,1128969.46
КИР1,Май,5,262,AQ231,3400902.0,4576566.0,1175664.0,859900.0,3498925.0,4358825.0,8540.0,0.0,14370.0,8120.0,12290.0,66650.0,17000.0,0.0,210000.0,-69978.50000000001,-141079.68,0.0,52635.0,0.0,0.0,255000.0,0.0,-70763.0,292557.82000000007
КИР1,Июнь,6,319,AQ288,2181108.0,2936760.0,755652.0,701000.0,2632166.0,3333166.0,26586.0,524.0,0.0,719.0,7021.0,45000.0,17000.0,0.0,210000.0,-52643.31999999999,-90678.24,0.0,52634.0,0.0,0.0,240000.0,0.0,-62700.0,-15527.559999999998
КИР1,Июль,7,376,AQ345,2806365.0,3746859.0,940494.0,756350.0,3165696.0,3922046.0,0.0,0.0,117460.0,0.0,86233.0,48200.0,17000.0,0.0,210000.0,-63313.92000000001,-112859.28,0.0,0.0,0.0,0.0,164000.0,93000.0,-67144.0,164976.79999999993
КИР1,Август,8,433,AQ402,4078057.0,5546164.0,1468107.0,869630.0,3941594.0,4811224.0,11985.0,0.0,-65785.0,0.0,0.0,46480.0,17000.0,0.0,210000.0,-78831.88,-176172.84,0.0,26318.0,0.0,46500.0,244000.0,93000.0,-84365.6,445438.68000000017
КИР2,Январь,1,34,AQ3,1026958.0,1438648.0,411690.0,301800.0,1131190.0,1432990.0,7587.0,725.0,0.0,7137.0,637.0,0.0,39000.0,37000.0,100000.0,-22623.8,-49402.8,0.0,0.0,0.0,0.0,112000.0,0.0,-24640.0,26298.400000000023
КИР2,Февраль,2,91,AQ60,1082029.0,1501597.0,419568.0,351276.0,1190031.0,1541307.0,2304.0,487.0,0.0,2016.0,0.0,2450.0,39000.0,45000.0,100000.0,-23800.620000000003,-50348.16,105268.0,0.0,0.0,0.0,10600.0,0.0,-2871.0,39743.22
КИР2,Март,3,148,AQ117,1543897.0,2125916.0,582019.0,321728.0,1738668.0,2060396.0,8145.0,2778.0,1469.0,5923.0,0.0,0.0,39000.0,45000.0,100000.0,-34773.36,-69842.28,105270.0,52635.0,0.0,0.0,18743.0,0.0,-4123.46,109853.89999999998
КИР2,Апрель,4,205,AQ174,1445153.0,1952993.0,507840.0,345254.0,1684406.0,2029660.0,5457.0,0.0,0.0,1117.0,0.0,4500.0,39000.0,30264.0,100000.0,-33688.12,-60940.8,76928.0,38464.0,93414.0,46707.0,43090.0,0.0,-10469.8,-69625.71999999999
КИР2,Май,5,262,AQ231,1096820.0,1490167.0,393347.0,258000.0,1065983.0,1323983.0,22338.0,0.0,0.0,0.0,3095.0,4500.0,17000.0,30264.0,100000.0,-21319.660000000003,-47201.64,52635.0,26317.0,0.0,0.0,37600.0,0.0,-9262.0,47247.70000000001
КИР2,Июнь,6,319,AQ288,607583.0,834399.0,226816.0,154000.0,795104.0,949104.0,38116.0,0.0,-12790.0,1050.0,1832.0,2500.0,17000.0,30264.0,0.0,-15902.08,-27217.92,39943.0,19971.0,0.0,0.0,67400.0,0.0,-15378.0,-8760.0
КИР2,Июль,7,376,AQ345,811001.0,1084408.0,273407.0,259500.0,878981.0,1138481.0,34391.0,2628.0,8676.0,0.0,0.0,23500.0,17000.0,30264.0,0.0,-17579.620000000003,-32808.840000000004,105269.0,52634.0,93414.0,46707.0,11366.0,0.0,-7670.52,-167433.97999999998
КИР2,Август,8,433,AQ402,885111.0,1200037.0,314926.0,254500.0,803429.0,1057929.0,57771.0,0.0,0.0,0.0,0.0,10500.0,17000.0,30264.0,0.0,-16068.58,-37791.12,52635.0,26317.0,0.0,0.0,72700.0,0.0,-18304.0,33346.30000000002
КИР3,Январь,1,34,AQ3,1769876.0,2450069.0,680193.0,383280.0,2114812.0,2498092.0,36345.0,9000.0,10718.0,29806.0,0.0,6000.0,39000.0,43000.0,110000.0,-42296.24,-81623.15999999999,0.0,0.0,0.0,0.0,103100.0,0.0,-24002.0,222171.60000000003
КИР3,Февраль,2,91,AQ60,2083144.0,2853185.0,770041.0,388000.0,2468709.0,2856709.0,8519.0,1476.0,-6990.0,1079.0,0.0,6000.0,39000.0,45000.0,110000.0,-49374.18,-92404.92,0.0,0.0,0.0,0.0,113000.0,0.0,-26180.0,287605.9
КИР3,Март,3,148,AQ117,3027847.0,4081895.0,1054048.0,544000.0,3423816.0,3967816.0,0.0,0.0,-1300.0,0.0,0.0,6000.0,39000.0,45000.0,110000.0,-68476.32,-126485.75999999998,0.0,26317.0,0.0,0.0,158000.0,0.0,-36080.0,438688.9199999999
КИР3,Апрель,4,205,AQ174,3302884.0,4404320.0,1101436.0,831500.0,3842746.0,4674246.0,0.0,2249.0,0.0,0.0,0.0,6000.0,39000.0,27158.0,110000.0,-76854.91999999998,-132172.32,0.0,26317.0,0.0,0.0,186000.0,0.0,-42240.0,453444.76
КИР3,Май,5,262,AQ231,1644741.0,2225843.0,581102.0,240941.0,1949663.0,2190604.0,0.0,0.0,0.0,0.0,5500.0,6841.0,17000.0,28000.0,110000.0,-38993.26,-69732.24,0.0,26317.0,93600.0,46800.0,124000.0,0.0,-28785.02,-8966.52
КИР3,Июнь,6,319,AQ288,680979.0,915154.0,234175.0,197800.0,974179.0,1171979.0,12712.0,1968.0,12790.0,0.0,0.0,2500.0,17000.0,0.0,0.0,-19483.58,-28101.0,52635.0,0.0,0.0,0.0,33000.0,0.0,-7810.0,71677.42000000001
КИР3,Июль,7,376,AQ345,74433.0,98343.0,23910.0,31500.0,166813.0,198313.0,0.0,0.0,-129896.0,0.0,0.0,6000.0,0.0,0.0,0.0,-3336.26,-2869.2,0.0,0.0,0.0,0.0,0.0,0.0,-1320.0,10384.54
КИР3,Август,8,433,AQ402,0.0,0.0,0.0,0.0,0.0,0.0,0.0,0.0,0.0,0.0,0.0,0.0,0.0,0.0,0.0,0.0,0.0,0.0,0.0,0.0,0.0,0.0,0.0,0.0,0.0
КА2,Январь,1,34,AQ3,1262125.0,1794637.0,532512.0,463140.0,1382296.0,1845436.0,6032.0,1718.0,0.0,1680.0,0.0,17140.0,20000.0,0.0,60000.0,-27645.92000000001,-63901.43999999999,105270.0,0.0,0.0,0.0,0.0,0.0,-3770.8,233065.84000000003
КА2,Февраль,2,91,AQ60,1333985.0,1919649.0,585664.0,409149.0,1495862.0,1905011.0,2624.0,0.0,0.0,10547.0,0.0,11849.0,20000.0,0.0,60000.0,-29917.240000000005,-70279.68000000001,105268.0,52634.0,0.0,0.0,0.0,0.0,-2606.78,233109.3
КА2,Март,3,148,AQ117,1433762.0,2057553.0,623791.0,504514.0,1633109.0,2137623.0,12824.0,0.0,0.0,2410.0,0.0,10750.0,20000.0,0.0,60000.0,-32662.180000000008,-74854.92,105270.0,52635.0,0.0,0.0,3300.0,0.0,-3091.0,261227.9
КА2,Апрель,4,205,AQ174,1270436.0,1827185.0,556749.0,466284.0,1389140.0,1855424.0,0.0,0.0,0.0,3756.0,0.0,10984.0,20000.0,0.0,60000.0,-27782.8,-66809.87999999999,105270.0,52635.0,0.0,0.0,0.0,0.0,-2416.48,210850.84
КА2,Май,5,262,AQ231,1162691.0,1660776.0,498085.0,376500.0,1133634.0,1510134.0,0.0,0.0,0.0,4819.0,0.0,30600.0,20000.0,0.0,60000.0,-22672.679999999997,-59770.2,105270.0,52635.0,0.0,0.0,0.0,0.0,-6732.0,140405.12
КА2,Июнь,6,319,AQ288,1005533.0,1393588.0,388055.0,365550.0,1214258.0,1579808.0,5381.0,3314.0,362046.0,0.0,0.0,6830.0,20000.0,0.0,60000.0,-24285.16,-46566.6,105270.0,52635.0,0.0,0.0,0.0,0.0,-1502.6,67651.64000000001
КА2,Июль,7,376,AQ345,1270692.0,1759727.0,489035.0,386890.0,1432916.0,1819806.0,6275.0,0.0,0.0,4364.0,0.0,24290.0,20000.0,0.0,60000.0,-28658.32,-58684.2,52634.0,13158.0,93608.0,46804.0,42700.0,0.0,-14737.8,33760.67999999998
КА2,Август,8,433,AQ402,1475172.0,2035185.0,560013.0,362200.0,1464421.0,1826621.0,0.0,0.0,0.0,0.0,0.0,17950.0,20000.0,0.0,60000.0,-29288.42,-67201.56000000001,16195.0,8100.0,0.0,0.0,74800.0,0.0,-20405.0,246073.02
П.ЗОР,Январь,1,34,AQ3,1549301.0,2184696.0,635395.0,253536.0,1631574.0,1885110.0,5723.0,0.0,0.0,0.0,0.0,77500.0,108000.0,0.0,100000.0,-32631.479999999992,-76247.40000000001,105270.0,0.0,0.0,0.0,22300.0,0.0,-21956.0,91490.12
П.ЗОР,Февраль,2,91,AQ60,1977705.0,2782038.0,804333.0,304887.0,2367134.0,2672021.0,0.0,30000.0,0.0,1345.0,6262.0,81767.0,108000.0,0.0,100000.0,-47342.680000000015,-96519.96,105268.0,52634.0,0.0,0.0,35100.0,0.0,-25710.74,121990.62
П.ЗОР,Март,3,148,AQ117,1675864.0,2323028.0,647164.0,232070.0,2233808.0,2465878.0,0.0,0.0,0.0,0.0,0.0,81300.0,108000.0,0.0,100000.0,-44676.16,-77659.68000000001,78952.0,39476.0,0.0,0.0,48600.0,0.0,-28578.0,39922.16000000003
П.ЗОР,Апрель,4,205,AQ174,1584857.0,2210534.0,625677.0,299674.0,1967385.0,2267059.0,0.0,0.0,0.0,0.0,10666.0,80359.0,108000.0,0.0,100000.0,-39347.7,-75081.23999999999,105270.0,52635.0,93665.0,46832.0,47600.0,0.0,-28150.98,-151263.92
П.ЗОР,Май,5,262,AQ231,1135934.0,1554077.0,418143.0,162580.0,1351441.0,1514021.0,0.0,0.0,4928.0,481.0,0.0,188000.0,90000.0,0.0,100000.0,-27028.820000000003,-50177.16,52635.0,26317.0,0.0,0.0,48800.0,0.0,-52096.0,-216910.98
П.ЗОР,Июнь,6,319,AQ288,1205165.0,1656763.0,451598.0,165459.0,1504141.0,1669600.0,7160.0,0.0,0.0,0.0,23100.0,60420.0,60000.0,0.0,100000.0,-30082.820000000003,-54191.76,63162.0,13158.0,93632.0,46816.0,82350.0,0.0,-31409.4,-183623.98
П.ЗОР,Июль,7,376,AQ345,1329631.0,1797998.0,468367.0,228670.0,1628520.0,1857190.0,0.0,0.0,0.0,0.0,0.0,22170.0,60000.0,0.0,122500.0,-32570.400000000005,-56204.03999999999,52635.0,26318.0,0.0,0.0,48900.0,0.0,-15635.4,31434.16
П.ЗОР,Август,8,433,AQ402,1517389.0,2068899.0,551510.0,243265.0,1630052.0,1873317.0,0.0,0.0,0.0,0.0,0.0,47583.0,60000.0,0.0,100000.0,-32601.04,-66181.2,68830.0,34415.0,0.0,0.0,95682.0,0.0,-31518.3,14699.46000000001
КОВ,Январь,1,34,AQ3,2426012.0,3388482.0,962470.0,494320.0,2739578.0,3233898.0,10451.0,0.0,0.0,2887.0,4800.0,25000.0,84000.0,22000.0,195000.0,-54791.560000000005,-115496.4,105270.0,0.0,0.0,0.0,77500.0,0.0,-22550.0,260862.03999999992
КОВ,Февраль,2,91,AQ60,2566625.0,3646628.0,1080003.0,604623.0,3145127.0,3749750.0,0.0,0.0,0.0,4032.0,518.0,23293.0,84000.0,45000.0,195000.0,-62902.54,-129600.36,105268.0,52634.0,0.0,0.0,62500.0,0.0,-18874.46,300930.64
КОВ,Март,3,148,AQ117,3006042.0,4209451.0,1203409.0,597410.0,3449989.0,4047399.0,0.0,0.0,0.0,0.0,0.0,14570.0,84000.0,45000.0,195000.0,-68999.78,-144409.08,105270.0,52635.0,0.0,0.0,89642.0,0.0,-22926.64,380956.5
КОВ,Апрель,4,205,AQ174,2794976.0,3862426.0,1067450.0,575650.0,3152520.0,3728170.0,0.0,0.0,0.0,0.0,0.0,20303.0,84000.0,26505.0,195000.0,-63050.40000000001,-128094.0,105270.0,52635.0,0.0,0.0,55063.0,0.0,-16580.52,320949.08
КОВ,Май,5,262,AQ231,2282672.0,3145203.0,862531.0,510958.0,2702452.0,3213410.0,490.0,0.0,-24980.0,0.0,0.0,104810.0,72000.0,27000.0,195000.0,-54049.04,-103503.72,105270.0,52636.0,0.0,0.0,53383.0,0.0,-34802.46,60076.78000000005
КОВ,Июнь,6,319,AQ288,2046109.0,2807000.0,760891.0,516668.0,2214023.0,2730691.0,11766.0,129.0,0.0,0.0,3416.0,32554.0,54000.0,27000.0,195000.0,-44280.46000000001,-91306.92,105270.0,52635.0,0.0,0.0,75364.0,0.0,-23741.96,59609.66
КОВ,Июль,7,376,AQ345,2047288.0,2818156.0,770868.0,483086.0,2551472.0,3034558.0,0.0,0.0,0.0,0.0,3500.0,30039.0,54000.0,37000.0,195000.0,-51029.44000000001,-92504.16,52634.0,26316.0,93608.0,46804.0,95366.0,0.0,-27589.1,-31021.69999999997
КОВ,Август,8,433,AQ402,2233094.0,3014328.0,781234.0,481507.0,2197954.0,2679461.0,0.0,0.0,0.0,0.0,0.0,14949.0,54000.0,37000.0,195000.0,-43959.07999999999,-93748.08,16195.0,8098.0,0.0,0.0,131805.0,0.0,-32285.88,154193.96000000002
УМБА,Январь,1,34,AQ3,576728.0,804299.0,227571.0,259364.0,635616.0,894980.0,0.0,10680.0,0.0,4827.0,0.0,16000.0,20000.0,24000.0,65000.0,-12712.32,-27308.52,105270.0,0.0,0.0,0.0,0.0,0.0,-3520.0,-56919.84
УМБА,Февраль,2,91,AQ60,673199.0,912507.0,239308.0,255343.0,749243.0,1004586.0,10609.0,0.0,0.0,1841.0,0.0,10543.0,20000.0,45000.0,65000.0,-14984.86,-28716.96,105268.0,52634.0,0.0,0.0,0.0,0.0,-2319.46,-105158.28
УМБА,Март,3,148,AQ117,722288.0,985110.0,262822.0,254442.0,742623.0,997065.0,15327.0,1176.0,0.0,1152.0,0.0,10500.0,20000.0,45000.0,65000.0,-14852.459999999995,-31538.64,105270.0,52635.0,0.0,0.0,3200.0,0.0,-3014.0,-89364.09999999999
УМБА,Апрель,4,205,AQ174,785907.0,1085872.0,299965.0,284300.0,749336.0,1033636.0,0.0,0.0,0.0,445.0,6602.0,10000.0,20000.0,34424.0,65000.0,-14986.719999999998,-35995.8,105270.0,52635.0,0.0,0.0,0.0,0.0,-2200.0,-40546.52
УМБА,Май,5,262,AQ231,532114.0,717315.0,185201.0,255000.0,656130.0,911130.0,0.0,1312.0,0.0,2441.0,0.0,30000.0,20000.0,35000.0,65000.0,-13122.6,-22224.12,105270.0,52635.0,0.0,0.0,3200.0,0.0,-7304.0,-169866.72
УМБА,Июнь,6,319,AQ288,908030.0,1230325.0,322295.0,313536.0,691658.0,1005194.0,46874.0,0.0,0.0,0.0,0.0,11336.0,20000.0,35000.0,0.0,-13833.159999999996,-38675.4,105270.0,52635.0,0.0,0.0,0.0,0.0,-2493.92,43051.52
УМБА,Июль,7,376,AQ345,1055705.0,1406774.0,351069.0,338409.0,993116.0,1331525.0,6177.0,0.0,0.0,1863.0,0.0,19000.0,20000.0,35000.0,0.0,-19862.320000000007,-42128.27999999999,70854.0,0.0,93831.0,46916.0,34145.0,0.0,-11691.9,-42359.50000000001
УМБА,Август,8,433,AQ402,924843.0,1248834.0,323991.0,368119.0,923454.0,1291573.0,0.0,0.0,0.0,0.0,4800.0,1650.0,20000.0,35000.0,0.0,-18469.08,-38878.920000000006,26317.0,13159.0,0.0,0.0,52369.0,0.0,-11884.18,106263.81999999998
