store,purchases,revenue,gross_profit,cash_revenue,cashless_revenue,receipts_total,writeoffs_copy,writeoffs_frozen,movement,discount,revaluation,cash_operating_costs,driver_cash,utilities_cash,rent,bank_fee,gross_profit_tax,salary_cashless,payroll_tax,vacation_cashless,vacation_tax,salary_cash,vacation_cash,personal_income_tax,expenses,net_profit,gross_margin,net_margin,best_month,best_month_profit,worst_month,worst_month_profit,loss_months,formula_count,gross_profit_tax_cost,bank_fee_cost,personal_income_tax_cost,payroll_total,writeoffs_total,net_stock_movement,inventory_net_effect,operating_store,active_store,primary_cost_driver,primary_cost_driver_amount,excess_cost_driver,excess_cost_amount,narrative,loss_month_names,reported_month_count
ПОРТ,81950826.0,105191330.0,23240504.0,12340610.0,91460276.0,103800886.0,432523.0,673424.0,-27849.0,81076.0,34382.0,584859.0,104000.0,400000.0,571200.0,-1829205.52,-2788860.48,2104865.0,1144539.0,558336.0,279168.0,2307366.0,0.0,-636289.5,95932938.5,9258391.5,0.22093554668431323,0.08801477745361713,Август,1749563.8000000005,Январь,760296.26,0,6484,2788860.48,1829205.52,636289.5,7030563.5,1105947.0,-27849.0,-74543.0,True,True,ФОТ и налоги,7030563.5,Банковская комиссия,71305.00426105526,Маржа 8.8% не ниже сети (4.9%); валовая маржа 22.1% поддерживает положительный результат.,—,8
А2,32891085.0,44810244.0,11919159.0,7486234.0,37145446.0,44631680.0,94023.0,34016.0,-9935.0,50132.0,78008.0,316414.0,224000.0,383135.0,1520000.0,-742908.92,-1430299.08,762606.0,263174.0,186828.0,53415.0,1103546.0,0.0,-312391.2,40223818.2,4586425.8,0.26599183436715945,0.1023521719721053,Март,768418.5,Июль,302769.84,0,6484,1430299.08,742908.92,312391.2,2681960.2,128039.0,-9935.0,17941.0,True,True,ФОТ и налоги,2681960.2,Налог с валовой прибыли,27246.176494022366,Маржа 10.2% не ниже сети (4.9%); валовая маржа 26.6% поддерживает положительный результат.,—,8
КИР1,35513983.0,47933978.0,12419995.0,7636860.0,39746899.0,47383759.0,70985.0,5692.0,8498.0,42062.0,132882.0,414360.0,224000.0,0.0,1680000.0,-794937.9800000001,-1490399.4,0.0,263172.0,0.0,46500.0,2331400.0,186000.0,-644987.2,43595431.58,4338546.42,0.2591062857332642,0.09051087769097736,Апрель,1128969.46,Июнь,-15527.559999999998,1,6484,1490399.4,794937.9800000001,644987.2,3472059.2,76677.0,8498.0,99318.0,True,True,ФОТ и налоги,3472059.2,ФОТ и налоги,0.0,Маржа 9.1% не ниже сети (4.9%); валовая маржа 25.9% поддерживает положительный результат.,Июнь,8
ОЛЕ,19951189.0,27156062.0,7204873.0,3646773.0,23181193.0,26827966.0,110806.0,27590.0,-2835.0,37278.0,36291.0,447481.0,224000.0,105000.0,246000.0,-463623.86,-864584.76,1232744.0,484783.0,186814.0,93407.0,246806.0,0.0,-152743.13999999998,24726765.76,2429296.24,0.2653136157959869,0.08945686749426335,Февраль,502587.9999999999,Июль,45322.79999999999,0,6484,864584.76,463623.86,152743.13999999998,2397297.14,138396.0,-2835.0,-3822.0,True,True,ФОТ и налоги,2397297.14,Наличные операционные траты,185522.5352264197,Маржа 8.9% не ниже сети (4.9%); валовая маржа 26.5% поддерживает положительный результат.,—,8
А1,20649284.0,28373237.0,7723953.0,5177950.0,23126772.0,28304722.0,20676.0,5870.0,9795.0,33472.0,39494.0,359700.0,224000.0,246655.0,1160000.0,-462535.44,-926874.36,747727.0,314532.0,185546.0,92772.0,762040.0,0.0,-246782.8,26384318.6,1988918.4,0.2722267113900328,0.07009839589328493,Март,516156.94,Август,33623.46000000002,0,6484,926874.36,462535.44,246782.8,2349399.8,26546.0,9795.0,15817.0,True,True,ФОТ и налоги,2349399.8,Аренда,92203.17939051404,Маржа 7.0% не ниже сети (4.9%); валовая маржа 27.2% поддерживает положительный результат.,—,8
ПОЛ,12006688.0,16469254.0,4462566.0,1783636.0,14097761.0,15881397.0,343786.0,30625.0,2868.0,27892.0,0.0,113843.0,300000.0,0.0,410400.0,-281955.22000000003,-535507.9199999999,368442.0,157900.0,93608.0,46804.0,482292.0,0.0,-131149.7,14959214.84,1510039.16,0.27096345711833697,0.09168837641340645,Март,405387.3,Июль,-20814.259999999944,1,6484,535507.9199999999,281955.22000000003,131149.7,1280195.7,374411.0,2868.0,-25024.0,True,True,ФОТ и налоги,1280195.7,Списания,199859.07056291844,Маржа 9.2% не ниже сети (4.9%); валовая маржа 27.1% поддерживает положительный результат.,Июль,8
КОВ,19402818.0,26891674.0,7488856.0,4264222.0,22153115.0,26417337.0,22707.0,129.0,-24980.0,6919.0,12234.0,265518.0,570000.0,266505.0,1560000.0,-443062.3000000001,-898662.72,700447.0,297589.0,93608.0,46804.0,640623.0,0.0,-199351.02,25385117.04,1506556.96,0.2784823287683764,0.056023175054107824,Март,380956.5,Июль,-31021.69999999997,1,6484,898662.72,443062.3000000001,199351.02,1978422.02,22836.0,-24980.0,-19665.0,True,True,ФОТ и налоги,1978422.02,Аренда,547960.2387959196,Маржа 5.6% не ниже сети (4.9%); валовая маржа 27.8% поддерживает положительный результат.,Июль,8
КИР3,12583904.0,17028809.0,4444905.0,2617021.0,14940738.0,17557759.0,57576.0,14693.0,-114678.0,30885.0,5500.0,39341.0,190000.0,188158.0,550000.0,-298814.76,-533388.6,52635.0,78951.0,93600.0,46800.0,717100.0,0.0,-166417.02,15553802.38,1475006.62,0.26102265871911534,0.08661830783350732,Апрель,453444.76,Май,-8966.52,1,6484,533388.6,298814.76,166417.02,1155503.02,72269.0,-114678.0,-140063.0,True,True,ФОТ и налоги,1155503.02,Банковская комиссия,14238.529967353912,Маржа 8.7% не ниже сети (4.9%); валовая маржа 26.1% поддерживает положительный результат.,Май,8
КА2,10214396.0,14448300.0,4233904.0,3334227.0,11145636.0,14479863.0,33136.0,5032.0,362046.0,27576.0,0.0,130393.0,160000.0,0.0,480000.0,-222912.72,-508068.48,700447.0,284432.0,93608.0,46804.0,120800.0,0.0,-55262.46,13022155.66,1426144.34,0.29303821210799885,0.09870672259020093,Март,261227.9,Июль,33760.67999999998,0,6484,508068.48,222912.72,55262.46,1301353.46,38168.0,362046.0,334470.0,True,True,ФОТ и налоги,1301353.46,Налог с валовой прибыли,55677.96711358463,Маржа 9.9% не ниже сети (4.9%); валовая маржа 29.3% поддерживает положительный результат.,—,8
ЗАП,16514804.0,22326702.0,5811898.0,2439257.0,19497782.0,21937039.0,300579.0,13400.0,651.0,41246.0,52259.0,247970.0,324000.0,256482.0,760600.0,-389955.64,-697427.7599999999,715607.0,274064.0,54035.0,27018.0,470353.0,0.0,-158031.06,20903747.46,1422954.54,0.2603115319047121,0.0637333064238507,Апрель,259757.12000000005,Июнь,-21899.019999999982,1,6484,697427.7599999999,389955.64,158031.06,1699108.06,313979.0,651.0,11664.0,True,True,ФОТ и налоги,1699108.06,Списания,77346.00423305464,Маржа 6.4% не ниже сети (4.9%); валовая маржа 26.0% поддерживает положительный результат.,Июнь,8
КНИП,23192099.0,30644816.0,7452717.0,3336256.0,26761523.0,30097779.0,401339.0,262369.0,-4500.0,23227.0,57134.0,226823.0,104000.0,400000.0,1512000.0,-535230.4600000001,-894326.04,421339.0,263674.0,93431.0,46715.0,1240250.0,0.0,-322756.06,29515012.56,1129803.44,0.2431966633442994,0.036867685549164336,Февраль,295223.34,Июнь,-123843.89999999997,2,6484,894326.04,535230.4600000001,322756.06,2388165.06,663708.0,-4500.0,29407.0,True,True,ФОТ и налоги,2388165.06,Аренда,358714.7018522171,"Маржа 3.7% ниже сети (4.9%); основной резерв — Аренда 358,715 руб.","Апрель, Июнь",8
ГС2,12552467.0,16896813.0,4344346.0,2712069.0,14171836.0,16883905.0,254715.0,3934.0,0.0,13955.0,22184.0,102379.0,104000.0,344000.0,520000.0,-283436.72000000003,-521321.5199999999,422460.0,203958.0,93682.0,46841.0,614882.0,0.0,-157797.42,15971158.66,925654.34,0.2571103793360322,0.054782777083465385,Март,261301.34000000003,Июль,-37756.84000000004,1,6484,521321.5199999999,283436.72000000003,157797.42,1539620.42,258649.0,0.0,8229.0,True,True,ФОТ и налоги,1539620.42,Коммунальные платежи,139408.9922350181,Маржа 5.5% не ниже сети (4.9%); валовая маржа 25.7% поддерживает положительный результат.,Июль,8
С1,18391414.0,24543206.0,6151792.0,3024575.0,21776575.0,24801150.0,464422.0,33802.0,339242.0,48778.0,18403.0,363783.0,190000.0,280000.0,760000.0,-435531.50000000006,-738215.0399999999,680548.0,304089.0,93433.0,46716.0,900500.0,163500.0,-314112.26,23695643.8,847562.2,0.25065152449928507,0.03453347537399963,Июнь,242940.48,Август,-69177.24000000003,1,6484,738215.0399999999,435531.50000000006,314112.26,2502898.26,498224.0,339242.0,308867.0,True,True,ФОТ и налоги,2502898.26,Списания,238099.04462122225,"Маржа 3.5% ниже сети (4.9%); основной резерв — Списания 238,099 руб.",Август,8
К49,12970807.0,17529296.0,4558489.0,2838808.0,14324394.0,17163202.0,164967.0,9981.0,-4410.0,28490.0,27863.0,165112.0,104000.0,347334.0,920000.0,-286487.88,-547018.6799999999,700447.0,297587.0,186861.0,93430.0,161763.0,0.0,-71912.5,16862741.06,666554.94,0.2600497475768565,0.03802519736103492,Январь,223132.2,Июль,-101393.82,2,6484,547018.6799999999,286487.88,71912.5,1512000.5,174948.0,-4410.0,-5037.0,True,True,ФОТ и налоги,1512000.5,Аренда,260303.4508779319,"Маржа 3.8% ниже сети (4.9%); основной резерв — Аренда 260,303 руб.","Июнь, Июль",8
Л76,10022204.0,13241021.0,3218817.0,1402862.0,11635944.0,13038806.0,283799.0,6496.0,0.0,5467.0,0.0,94238.0,104000.0,240000.0,400000.0,-232718.88,-386258.04,421079.0,184220.0,0.0,0.0,429301.0,0.0,-115178.58,12635693.5,605327.5,0.24309432029448486,0.04571607431179212,Август,213450.88,Май,-28538.92000000001,2,6484,386258.04,232718.88,115178.58,1149778.58,290295.0,0.0,-5467.0,True,True,ФОТ и налоги,1149778.58,Списания,149957.9960733549,"Маржа 4.6% ниже сети (4.9%); основной резерв — Списания 149,958 руб.","Февраль, Май",8
А3,10174408.0,13835576.0,3661168.0,2664080.0,11087559.0,13751639.0,53355.0,39057.0,0.0,28615.0,15238.0,96729.0,224000.0,290741.0,850000.0,-221751.18,-439340.16,52635.0,0.0,0.0,0.0,691682.0,0.0,-173450.42,13253793.76,581782.24,0.2646198466908786,0.04204973034733068,Июнь,121853.77999999998,Май,-594.139999999983,1,6484,439340.16,221751.18,173450.42,917767.42,92412.0,0.0,-13377.0,True,True,ФОТ и налоги,917767.42,Аренда,329312.7035839827,"Маржа 4.2% ниже сети (4.9%); основной резерв — Аренда 329,313 руб.",Май,8
СНЕЖ,8947906.0,12105295.0,3157389.0,1048389.0,10849592.0,11897981.0,59416.0,23862.0,0.0,52759.0,76396.0,122397.0,300000.0,236830.0,40000.0,-216991.84,-378886.68,684257.0,289492.0,92400.0,46200.0,126463.0,0.0,-54749.2,11560434.72,544860.28,0.2608271008678434,0.04501007864740182,Январь,199366.72,Май,-109623.62,1,6484,378886.68,216991.84,54749.2,1293561.2,83278.0,0.0,23637.0,True,True,ФОТ и налоги,1293561.2,ФОТ и налоги,124805.53340386972,"Маржа 4.5% ниже сети (4.9%); основной резерв — ФОТ и налоги 124,806 руб.",Май,8
ГС1,13066495.0,17669716.0,4603221.0,3145684.0,14481138.0,17626822.0,350109.0,7673.0,0.0,20326.0,19300.0,180601.0,104000.0,224915.0,708000.0,-289622.76,-552386.52,718098.0,306413.0,94012.0,47006.0,818388.0,0.0,-219777.58,17337387.86,332328.1399999999,0.26051471342267185,0.018807780498566014,Февраль,169310.54000000004,Июль,-147259.74,1,6484,552386.52,289622.76,219777.58,2203694.58,357782.0,0.0,-1026.0,True,True,ФОТ и налоги,2203694.58,ФОТ и налоги,497698.9225505693,"Маржа 1.9% ниже сети (4.9%); основной резерв — ФОТ и налоги 497,699 руб.",Июль,8
К80,8784492.0,11855269.0,3070777.0,1628243.0,9716236.0,11344479.0,584774.0,30818.0,-18214.0,40600.0,37284.0,97660.0,104000.0,112741.0,650000.0,-194324.72,-368493.23999999993,431873.0,235940.0,0.0,20000.0,371967.0,73000.0,-119377.94,11594686.9,260582.1000000001,0.2590221276294954,0.021980277292737944,Январь,131657.86000000002,Июнь,-48798.939999999966,3,6484,368493.23999999993,194324.72,119377.94,1252157.94,615592.0,-18214.0,-21530.0,True,True,ФОТ и налоги,1252157.94,Списания,489942.1024426716,"Маржа 2.2% ниже сети (4.9%); основной резерв — Списания 489,942 руб.","Июнь, Июль, Август",8
ЗАО,7964159.0,10821026.0,2856867.0,706441.0,9832473.0,10538914.0,29947.0,2778.0,-5780.0,15743.0,16662.0,99339.0,288000.0,200000.0,40000.0,-196649.46,-342824.04,697899.0,296314.0,279932.0,139966.0,115515.0,0.0,-47267.88,10710643.38,110382.62,0.26401073243886486,0.01020075360691306,Март,98182.96,Июль,-115348.2,3,6484,342824.04,196649.46,47267.88,1576893.88,32725.0,-5780.0,-4861.0,True,True,ФОТ и налоги,1576893.88,ФОТ и налоги,532133.2644277188,"Маржа 1.0% ниже сети (4.9%); основной резерв — ФОТ и налоги 532,133 руб.","Май, Июнь, Июль",8
ПЗ2,9252056.0,12429158.0,3177102.0,2019243.0,10357521.0,12376764.0,91708.0,48967.0,-16201.0,12675.0,13204.0,102827.0,104000.0,342505.0,800000.0,-207150.42,-381252.24,289491.0,118427.0,0.0,0.0,549622.0,0.0,-143538.78,12339836.44,89321.56000000004,0.25561683261247464,0.00718645301636684,Февраль,131988.92000000004,Май,-93629.8,4,6484,381252.24,207150.42,143538.78,1101078.78,140675.0,-16201.0,-15672.0,True,True,ФОТ и налоги,1101078.78,Аренда,332241.7602456513,"Маржа 0.7% ниже сети (4.9%); основной резерв — Аренда 332,242 руб.","Апрель, Май, Июнь, Июль",8
КИР2,8498552.0,11628165.0,3129613.0,2246058.0,9287792.0,11533850.0,176109.0,6618.0,-2645.0,17243.0,5564.0,47950.0,224000.0,278320.0,500000.0,-185755.84000000003,-375553.56,537948.0,216338.0,186828.0,93414.0,373499.0,0.0,-92718.78,11617495.18,10669.820000000063,0.26914074576685143,0.0009175841588075215,Март,109853.89999999998,Июль,-167433.97999999998,3,6484,375553.56,185755.84000000003,92718.78,1500745.78,182727.0,-2645.0,-14324.0,True,True,ФОТ и налоги,1500745.78,ФОТ и налоги,378056.5984587993,"Маржа 0.1% ниже сети (4.9%); основной резерв — ФОТ и налоги 378,057 руб.","Апрель, Июнь, Июль",8
РОС,7550666.0,10292231.0,2741565.0,1769272.0,8390032.0,10159304.0,143807.0,99983.0,-8177.0,9698.0,5000.0,120339.0,104000.0,430306.0,400000.0,-167800.64,-328987.8,526349.0,184219.0,93400.0,46700.0,267934.0,0.0,-85420.06,10406104.5,-113873.49999999996,0.2663722763315359,-0.011064024894116732,Март,83875.15999999999,Май,-172192.69999999998,4,6484,328987.8,167800.64,85420.06,1204022.06,243790.0,-8177.0,-12875.0,True,True,ФОТ и налоги,1204022.06,Коммунальные платежи,305684.9893727304,"Убыток 113,873 руб. при марже -1.1%; главный резерв — Коммунальные платежи 305,685 руб. сверх медианной доли сети.","Апрель, Май, Июнь, Июль",8
ПЗ1,8203895.0,10943511.0,2739616.0,1744918.0,8875378.0,10620296.0,259670.0,32474.0,-14638.0,20030.0,7403.0,99824.0,104000.0,70000.0,760000.0,-177507.56000000003,-328753.92000000004,615422.0,281393.0,93608.0,46804.0,202551.0,0.0,-66522.5,11082754.98,-139243.98,0.25034159512427046,-0.012723885414836244,Август,132801.84000000003,Июль,-204676.32,6,6484,328753.92000000004,177507.56000000003,66522.5,1306300.5,292144.0,-14638.0,-27265.0,True,True,ФОТ и налоги,1306300.5,Аренда,348152.5166795408,"Убыток 139,244 руб. при марже -1.3%; главный резерв — Аренда 348,153 руб. сверх медианной доли сети.","Январь, Февраль, Апрель, Май, Июнь, Июль",8
МОН,12184188.0,16422123.0,4237935.0,2214140.0,13715413.0,15929553.0,97055.0,7981.0,-16032.0,26049.0,33822.0,242000.0,224000.0,605000.0,600000.0,-274308.26,-508552.2,676356.0,296069.0,185237.0,92618.0,536050.0,0.0,-171171.0,16603530.46,-181407.45999999988,0.2580625537879603,-0.01104652912415769,Апрель,138490.62,Июль,-216862.94,5,6484,508552.2,274308.26,171171.0,1957501.0,105036.0,-16032.0,-8259.0,True,True,ФОТ и налоги,1957501.0,Коммунальные платежи,406156.6622527877,"Убыток 181,407 руб. при марже -1.1%; главный резерв — Коммунальные платежи 406,157 руб. сверх медианной доли сети.","Февраль, Март, Май, Июнь, Июль",8
МИРА,6432466.0,8823399.0,2390933.0,1132388.0,7619567.0,8751955.0,66322.0,27944.0,-31372.0,29152.0,20018.0,150095.0,104000.0,0.0,536000.0,-152391.34,-286911.96,670983.0,256538.0,93400.0,46700.0,176463.0,0.0,-71842.76,9005735.06,-182336.06,0.27097641169803155,-0.020665058896237154,Март,58030.98000000001,Май,-182622.98,4,6484,286911.96,152391.34,71842.76,1315926.76,94266.0,-31372.0,-40506.0,True,True,ФОТ и налоги,1315926.76,ФОТ и налоги,464035.2877237252,"Убыток 182,336 руб. при марже -2.1%; главный резерв — ФОТ и налоги 464,035 руб. сверх медианной доли сети.","Апрель, Май, Июнь, Июль",8
П.ЗОР,11975846.0,16578033.0,4602187.0,1890141.0,14314055.0,16204196.0,12883.0,30000.0,4928.0,1826.0,40028.0,639099.0,702000.0,0.0,822500.0,-286281.10000000003,-552262.4400000001,632022.0,244953.0,187297.0,93648.0,429332.0,0.0,-235054.82,16830295.36,-252262.36,0.2776075424629689,-0.015216664124145487,Февраль,121990.62,Май,-216910.98,3,6484,552262.4400000001,286281.10000000003,235054.82,1822306.82,42883.0,4928.0,43130.0,True,True,ФОТ и налоги,1822306.82,Наличные операционные траты,479180.52309986064,"Убыток 252,262 руб. при марже -1.5%; главный резерв — Наличные операционные траты 479,181 руб. сверх медианной доли сети.","Апрель, Май, Июнь",8
УМБА,6178814.0,8391036.0,2212222.0,2328513.0,6141176.0,8469689.0,78987.0,13168.0,0.0,12569.0,11402.0,109029.0,160000.0,288424.0,325000.0,-122823.52,-265466.64,728789.0,276333.0,93831.0,46916.0,92914.0,0.0,-44427.46,8745935.62,-354899.62000000005,0.2636411046264132,-0.04229508966473271,Август,106263.81999999998,Май,-169866.72,6,6484,265466.64,122823.52,44427.46,1283210.46,92155.0,0.0,-1167.0,True,True,ФОТ и налоги,1283210.46,ФОТ и налоги,473063.2580018557,"Убыток 354,900 руб. при марже -4.2%; главный резерв — ФОТ и налоги 473,063 руб. сверх медианной доли сети.","Январь, Февраль, Март, Апрель, Май, Июль",8
МАК,5836911.0,7977956.0,2141045.0,1348926.0,6765936.0,8114862.0,8655.0,21454.0,0.0,13404.0,12877.0,154932.0,104000.0,0.0,600000.0,-135318.72,-256925.4,394762.0,184219.0,93414.0,46707.0,449294.0,93000.0,-153389.72,8524326.84,-546370.84,0.2683701188625257,-0.06848506559825598,Март,55145.52000000002,Июль,-227662.82,6,6484,256925.4,135318.72,153389.72,1414785.72,30109.0,0.0,-527.0,True,True,ФОТ и налоги,1414785.72,ФОТ и налоги,644521.0314604315,"Убыток 546,371 руб. при марже -6.8%; главный резерв — ФОТ и налоги 644,521 руб. сверх медианной доли сети.","Январь, Апрель, Май, Июнь, Июль, Август",8
С3,6071416.0,8149460.0,2078044.0,1012262.0,7762689.0,8774951.0,10995.0,1574.0,300449.0,13716.0,11505.0,210744.0,180000.0,184000.0,272000.0,-155253.78,-249365.28,287887.0,117625.0,93000.0,46500.0,560465.0,93000.0,-190125.98,8712956.04,-563496.04,0.2549916190766014,-0.06914519980464964,Март,4929.5,Июль,-195133.06,7,6484,249365.28,155253.78,190125.98,1388602.98,12569.0,300449.0,298238.0,True,True,ФОТ и налоги,1388602.98,ФОТ и налоги,601779.7299512818,"Убыток 563,496 руб. при марже -6.9%; главный резерв — ФОТ и налоги 601,780 руб. сверх медианной доли сети.","Январь, Февраль, Апрель, Май, Июнь, Июль, Август",8
НИК,7394332.0,9942876.0,2548544.0,1355379.0,8311914.0,9667293.0,215221.0,461.0,-10000.0,33738.0,2500.0,112043.0,288000.0,260979.0,760000.0,-166238.28,-305825.28,666317.0,269996.0,187265.0,93632.0,179100.0,0.0,-64051.46,10748240.02,-805364.02,0.25631859433829807,-0.08099910126607231,Январь,-927.1799999999848,Апрель,-204839.08,8,6484,305825.28,166238.28,64051.46,1460361.46,215682.0,-10000.0,-41238.0,True,True,ФОТ и налоги,1460361.46,ФОТ и налоги,500385.4604673439,"Убыток 805,364 руб. при марже -8.1%; главный резерв — ФОТ и налоги 500,385 руб. сверх медианной доли сети.","Январь, Февраль, Март, Апрель, Май, Июнь, Июль, Август",8
Н95,10038474.0,13733730.0,3695256.0,2691210.0,11092229.0,13783439.0,59435.0,188493.0,-6400.0,41966.0,26071.0,425337.0,104000.0,438000.0,450248.0,-221844.58,-443430.72,576523.0,267315.0,186600.0,46800.0,1032677.0,77500.0,-337813.08,14835055.38,-1101325.38,0.2690642673184925,-0.08019127942663791,Март,-15318.579999999973,Февраль,-264045.94,8,6484,443430.72,221844.58,337813.08,2525228.08,247928.0,-6400.0,-22295.0,True,True,ФОТ и налоги,2525228.08,ФОТ и налоги,1199248.4354724383,"Убыток 1,101,325 руб. при марже -8.0%; главный резерв — ФОТ и налоги 1,199,248 руб. сверх медианной доли сети.","Январь, Февраль, Март, Апрель, Май, Июнь, Июль, Август",8
